Country,Armenia,Australia,India,Indonesia,Iran (Islamic Republic of),Iraq,Ireland,Israel,Italy,CÃ´te d'Ivoire,Kazakhstan,Jamaica,Austria,Japan,Jordan,Kyrgyzstan,Kenya,Cambodia,Democratic People's Republic of Korea,Republic of Korea,Kuwait,Latvia,Bahamas,Lao People's Democratic Republic,Lebanon,Lesotho,Liberia,Libya,Lithuania,"China, Macao SAR",Madagascar,Bahrain,Malawi,Malaysia,Maldives,Mali,Malta,Mauritania,Mauritius,Mexico,Barbados,Mongolia,Morocco,Mozambique,Republic of Moldova,Namibia,Nauru,Nepal,Netherlands,North Macedonia,Vanuatu,New Zealand,Nicaragua,Niger,Nigeria,Bangladesh,Norway,Pakistan,Panama,Czechia,Papua New Guinea,Paraguay,Peru,Philippines,Poland,Portugal,Guinea-Bissau,Timor-Leste,Eritrea,Qatar,Bhutan,Zimbabwe,Romania,Rwanda,Russian Federation,Saint Kitts and Nevis,Saint Lucia,Bolivia (Plurinational State of),Saint Vincent and the Grenadines,Sao Tome and Principe,Saudi Arabia,Senegal,Seychelles,Sierra Leone,Slovenia,Slovakia,Afghanistan,Botswana,Singapore,Somalia,South Africa,Spain,Suriname,Tajikistan,Eswatini,Brazil,Sweden,Switzerland,Syrian Arab Republic,Turkmenistan,"China, Taiwan Province of",United Republic of Tanzania,Thailand,Togo,Tonga,Trinidad and Tobago,Oman,Tunisia,Turkey,United Arab Emirates,Uganda,Tuvalu,United Kingdom,Belize,Ukraine,United States of America,Burkina Faso,Uruguay,Uzbekistan,Venezuela (Bolivarian Republic of),Viet Nam,Samoa,Yemen,Solomon Islands,Democratic Republic of the Congo,Zambia,Belgium,Luxembourg,Brunei Darussalam,Bulgaria,Serbia,Montenegro,Sudan,South Sudan,Myanmar,Burundi,Occupied Palestinian Territory,Albania,Cameroon,Canada,Cabo Verde,Central African Republic,Sri Lanka,Chad,Algeria,Chile,"China, mainland",Colombia,Comoros,Congo,Costa Rica,Cuba,Cyprus,Azerbaijan,Benin,Denmark,Dominica,Oceania,Micronesia,Dominican Republic,Belarus,Ecuador,Egypt,El Salvador,Equatorial Guinea,Ethiopia PDR,Estonia,Falkland Islands (Malvinas),Fiji,Finland,France,Angola,Djibouti,Georgia,Gabon,Gambia,Germany,Antigua and Barbuda,Bosnia and Herzegovina,Ghana,Kiribati,Greece,Grenada,Guatemala,Argentina,Guinea,Guyana,Haiti,Honduras,"China, Hong Kong SAR",Hungary,Croatia,Iceland
Item,Wheat,Wheat,Wheat,Wheat,Wheat,Wheat,Wheat,Wheat,Wheat,Wheat,Wheat,Wheat,Wheat,Wheat,Wheat,Wheat,Wheat,Wheat,Wheat,Wheat,Wheat,Wheat,Wheat,Wheat,Wheat,Wheat,Wheat,Wheat,Wheat,Wheat,Wheat,Wheat,Wheat,Wheat,Wheat,Wheat,Wheat,Wheat,Wheat,Wheat,Wheat,Wheat,Wheat,Wheat,Wheat,Wheat,Wheat,Wheat,Wheat,Wheat,Wheat,Wheat,Wheat,Wheat,Wheat,Wheat,Wheat,Wheat,Wheat,Wheat,Wheat,Wheat,Wheat,Wheat,Wheat,Wheat,Wheat,Wheat,Wheat,Wheat,Wheat,Wheat,Wheat,Wheat,Wheat,Wheat,Wheat,Wheat,Wheat,Wheat,Wheat,Wheat,Wheat,Wheat,Wheat,Wheat,Wheat,Wheat,Wheat,Wheat,Wheat,Wheat,Wheat,Wheat,Wheat,Wheat,Wheat,Wheat,Wheat,Wheat,Wheat,Wheat,Wheat,Wheat,Wheat,Wheat,Wheat,Wheat,Wheat,Wheat,Wheat,Wheat,Wheat,Wheat,Wheat,Wheat,Wheat,Wheat,Wheat,Wheat,Wheat,Wheat,Wheat,Wheat,Wheat,Wheat,Wheat,Wheat,Wheat,Wheat,Wheat,Wheat,Wheat,Wheat,Wheat,Wheat,Wheat,Wheat,Wheat,Wheat,Wheat,Wheat,Wheat,Wheat,Wheat,Wheat,Wheat,Wheat,Wheat,Wheat,Wheat,Wheat,Wheat,Wheat,Wheat,Wheat,Wheat,Wheat,Wheat,Wheat,Wheat,Wheat,Wheat,Wheat,Wheat,Wheat,Wheat,Wheat,Wheat,Wheat,Wheat,Wheat,Wheat,Wheat,Wheat,Wheat,Wheat,Wheat,Wheat,Wheat,Wheat,Wheat,Wheat,Wheat,Wheat,Wheat,Wheat,Wheat,Wheat,Wheat,Wheat,Wheat,Wheat
Element,Import Value,Import Value,Import Value,Import Value,Import Value,Import Value,Import Value,Import Value,Import Value,Import Value,Import Value,Import Value,Import Value,Import Value,Import Value,Import Value,Import Value,Import Value,Import Value,Import Value,Import Value,Import Value,Import Value,Import Value,Import Value,Import Value,Import Value,Import Value,Import Value,Import Value,Import Value,Import Value,Import Value,Import Value,Import Value,Import Value,Import Value,Import Value,Import Value,Import Value,Import Value,Import Value,Import Value,Import Value,Import Value,Import Value,Import Value,Import Value,Import Value,Import Value,Import Value,Import Value,Import Value,Import Value,Import Value,Import Value,Import Value,Import Value,Import Value,Import Value,Import Value,Import Value,Import Value,Import Value,Import Value,Import Value,Import Value,Import Value,Import Value,Import Value,Import Value,Import Value,Import Value,Import Value,Import Value,Import Value,Import Value,Import Value,Import Value,Import Value,Import Value,Import Value,Import Value,Import Value,Import Value,Import Value,Import Value,Import Value,Import Value,Import Value,Import Value,Import Value,Import Value,Import Value,Import Value,Import Value,Import Value,Import Value,Import Value,Import Value,Import Value,Import Value,Import Value,Import Value,Import Value,Import Value,Import Value,Import Value,Import Value,Import Value,Import Value,Import Value,Import Value,Import Value,Import Value,Import Value,Import Value,Import Value,Import Value,Import Value,Import Value,Import Value,Import Value,Import Value,Import Value,Import Value,Import Value,Import Value,Import Value,Import Value,Import Value,Import Value,Import Value,Import Value,Import Value,Import Value,Import Value,Import Value,Import Value,Import Value,Import Value,Import Value,Import Value,Import Value,Import Value,Import Value,Import Value,Import Value,Import Value,Import Value,Import Value,Import Value,Import Value,Import Value,Import Value,Import Value,Import Value,Import Value,Import Value,Import Value,Import Value,Import Value,Import Value,Import Value,Import Value,Import Value,Import Value,Import Value,Import Value,Import Value,Import Value,Import Value,Import Value,Import Value,Import Value,Import Value,Import Value,Import Value,Import Value,Import Value,Import Value,Import Value,Import Value,Import Value,Import Value,Import Value,Import Value,Import Value,Import Value,Import Value,Import Value,Import Value,Import Value
Frequency,A,A,A,A,A,A,A,A,A,A,A,A,A,A,A,A,A,A,A,A,A,A,A,A,A,A,A,A,A,A,A,A,A,A,A,A,A,A,A,A,A,A,A,A,A,A,A,A,A,A,A,A,A,A,A,A,A,A,A,A,A,A,A,A,A,A,A,A,A,A,A,A,A,A,A,A,A,A,A,A,A,A,A,A,A,A,A,A,A,A,A,A,A,A,A,A,A,A,A,A,A,A,A,A,A,A,A,A,A,A,A,A,A,A,A,A,A,A,A,A,A,A,A,A,A,A,A,A,A,A,A,A,A,A,A,A,A,A,A,A,A,A,A,A,A,A,A,A,A,A,A,A,A,A,A,A,A,A,A,A,A,A,A,A,A,A,A,A,A,A,A,A,A,A,A,A,A,A,A,A,A,A,A,A,A,A,A,A,A,A,A,A,A
1961-01-01,0.0,0.0,246460.0,0.0,9670.0,27960.0,18764.0,24120.0,169191.0,0.0,,52.0,4040.0,179440.0,4310.0,0.0,960.0,0.0,23200.0,24019.0,113.0,0.0,0.0,0.0,9180.0,0.0,1.0,860.0,0.0,5.0,3.0,20.0,10.0,1285.0,0.0,0.0,3812.0,0.0,2.0,2.0,143.0,0.0,24260.0,2530.0,0.0,400.0,2.0,10.0,52990.0,0.0,0.0,9376.0,0.0,0.0,1500.0,18784.0,21960.0,78501.0,1.0,0.0,13.0,4040.0,32245.0,16860.0,112350.0,18553.0,,,,56.0,2350.0,5400.0,20.0,0.0,0.0,,0.0,403.0,0.0,,2840.0,6023.0,0.0,0.0,0.0,,4200.0,0.0,300.0,10.0,6220.0,70620.0,170.0,0.0,0.0,138890.0,7880.0,30590.0,6560.0,0.0,19410.0,2040.0,70.0,0.0,0.0,41.0,0.0,26896.0,62190.0,0.0,650.0,,282630.0,0.0,0.0,11490.0,0.0,8.0,0.0,24330.0,0.0,0.0,1380.0,1.0,3.0,1750.0,,,0.0,606.0,,,,,1152.0,0.0,,11660.0,0.0,10.0,0.0,0.0,20.0,0.0,36830.0,5736.0,283000.0,11290.0,,0.0,450.0,15000.0,3030.0,0.0,50.0,1800.0,,9498.0,2.0,2210.0,0.0,3400.0,41480.0,2240.0,,0.0,0.0,,6.0,9300.0,48800.0,1950.0,0.0,0.0,0.0,0.0,285390.0,0.0,,0.0,0.0,2190.0,0.0,4338.0,0.0,,0.0,2284.0,980.0,6050.0,30040.0,0.0,80.0
1962-01-01,0.0,0.0,262213.0,0.0,2840.0,0.0,10194.0,22350.0,35794.0,0.0,,125.0,6120.0,180944.0,750.0,0.0,4050.0,0.0,6360.0,26050.0,113.0,0.0,0.0,0.0,14610.0,0.0,0.0,1090.0,0.0,20.0,20.0,30.0,10.0,1433.0,0.0,0.0,3527.0,0.0,2.0,60.0,113.0,0.0,21958.0,3110.0,0.0,580.0,2.0,10.0,56010.0,0.0,0.0,11140.0,0.0,0.0,4310.0,14801.0,24520.0,50578.0,19.0,0.0,14.0,5320.0,31025.0,22740.0,101260.0,18916.0,,,,56.0,2400.0,4190.0,0.0,0.0,0.0,,0.0,1705.0,0.0,,3960.0,4245.0,0.0,0.0,0.0,,880.0,0.0,250.0,10.0,4730.0,66630.0,200.0,0.0,0.0,160950.0,8810.0,35420.0,5470.0,0.0,19220.0,2560.0,40.0,0.0,0.0,79.0,0.0,19300.0,50650.0,0.0,850.0,,291561.0,0.0,0.0,8280.0,0.0,0.0,0.0,22770.0,0.0,0.0,2070.0,0.0,6.0,1400.0,,,0.0,9227.0,,,,,748.0,0.0,,6500.0,0.0,20.0,0.0,0.0,10.0,0.0,29090.0,15704.0,268000.0,13040.0,,0.0,185.0,20878.0,3790.0,0.0,10.0,1070.0,,11284.0,2.0,3360.0,0.0,2890.0,60270.0,2360.0,,79.0,0.0,,8.0,14450.0,50950.0,1940.0,0.0,0.0,0.0,0.0,314840.0,0.0,,1.0,0.0,140.0,1.0,4117.0,0.0,,0.0,3605.0,1150.0,7820.0,11365.0,0.0,140.0
1963-01-01,0.0,0.0,303301.0,0.0,4540.0,4330.0,17097.0,20630.0,23992.0,2884.0,,133.0,4060.0,217430.0,6660.0,0.0,953.0,0.0,7230.0,66475.0,130.0,0.0,0.0,0.0,17340.0,0.0,1.0,820.0,0.0,120.0,50.0,35.0,10.0,1433.0,0.0,0.0,4935.0,0.0,2.0,0.0,136.0,0.0,7548.0,3580.0,0.0,620.0,1.0,109.0,51390.0,0.0,9.0,12955.0,240.0,0.0,9620.0,68491.0,20890.0,52202.0,1044.0,0.0,11.0,4920.0,27700.0,27265.0,101300.0,13129.0,,,,56.0,2500.0,5180.0,1000.0,0.0,0.0,,0.0,1442.0,0.0,,4930.0,5297.0,0.0,0.0,0.0,,7310.0,0.0,1322.0,10.0,20530.0,13410.0,200.0,0.0,0.0,164000.0,14670.0,27000.0,0.0,0.0,27770.0,1612.0,40.0,0.0,0.0,10.0,0.0,10600.0,57820.0,0.0,399.0,,289730.0,0.0,0.0,9310.0,0.0,296.0,0.0,28610.0,0.0,0.0,2620.0,0.0,0.0,1700.0,,,0.0,15780.0,,,,,1830.0,0.0,,8580.0,0.0,0.0,0.0,0.0,0.0,0.0,25660.0,26230.0,419000.0,8340.0,,50.0,68.0,19200.0,630.0,0.0,7.0,1270.0,,13099.0,1.0,4580.0,0.0,2790.0,72270.0,3195.0,,3.0,0.0,,5.0,28590.0,53370.0,2320.0,0.0,0.0,0.0,0.0,201720.0,0.0,,30.0,0.0,420.0,1.0,4852.0,0.0,,0.0,4300.0,1430.0,5850.0,25678.0,0.0,80.0
1964-01-01,0.0,0.0,447432.0,0.0,10540.0,10630.0,12460.0,13010.0,46911.0,4050.0,,160.0,3860.0,262020.0,280.0,0.0,2.0,0.0,4000.0,36810.0,120.0,0.0,0.0,110.0,16580.0,0.0,4.0,1090.0,0.0,50.0,30.0,40.0,11.0,1693.0,0.0,0.0,4686.0,0.0,3.0,1140.0,83.0,0.0,12340.0,3010.0,0.0,710.0,1.0,6.0,45420.0,0.0,0.0,12796.0,1770.0,0.0,6280.0,53681.0,24890.0,67531.0,1910.0,0.0,5.0,4770.0,33470.0,23640.0,143820.0,20084.0,,,,56.0,2650.0,5150.0,28770.0,0.0,0.0,,0.0,359.0,0.0,,5440.0,4904.0,0.0,13.0,0.0,,11860.0,0.0,6724.0,20.0,11920.0,5460.0,200.0,0.0,0.0,209560.0,11540.0,28230.0,0.0,0.0,23620.0,1919.0,810.0,0.0,0.0,16.0,0.0,5080.0,6130.0,0.0,893.0,,288580.0,0.0,0.0,5704.0,0.0,6500.0,0.0,35670.0,0.0,0.0,3680.0,0.0,0.0,1420.0,,,0.0,30051.0,,,,,0.0,0.0,,8160.0,0.0,0.0,0.0,5.0,20.0,0.0,29240.0,16485.0,424000.0,12850.0,,1330.0,40.0,21463.0,2220.0,0.0,0.0,1600.0,,12927.0,1.0,4730.0,0.0,4920.0,70090.0,3124.0,,0.0,0.0,,5.0,5160.0,51870.0,2820.0,0.0,0.0,0.0,0.0,220140.0,0.0,,30.0,0.0,400.0,1.0,4980.0,0.0,,0.0,5000.0,1300.0,7010.0,25050.0,0.0,70.0
1965-01-01,0.0,0.0,480440.0,0.0,38225.0,6130.0,22752.0,13975.0,81481.0,5311.0,,106.0,6810.0,251110.0,1.0,0.0,435.0,0.0,7620.0,35889.0,2230.0,0.0,0.0,234.0,16050.0,0.0,3.0,539.0,0.0,30.0,120.0,20.0,1.0,3798.0,0.0,0.0,3792.0,0.0,4.0,170.0,17.0,0.0,15540.0,2682.0,0.0,780.0,1.0,6.0,59150.0,0.0,0.0,12010.0,2560.0,0.0,9600.0,18801.0,23410.0,111956.0,1950.0,0.0,12.0,4230.0,37040.0,28638.0,80901.0,19173.0,,,,84.0,2750.0,5360.0,0.0,0.0,0.0,,0.0,1132.0,0.0,,7660.0,5301.0,0.0,15.0,0.0,,12200.0,0.0,10656.0,32.0,0.0,9460.0,200.0,0.0,0.0,135900.0,4960.0,29270.0,2550.0,0.0,27870.0,2700.0,1008.0,0.0,0.0,604.0,0.0,12680.0,26210.0,0.0,2611.0,,320522.0,0.0,0.0,1631.0,0.0,9.0,0.0,37154.0,0.0,0.0,4320.0,6.0,124.0,1700.0,,,0.0,9358.0,,,,,430.0,0.0,,8600.0,4.0,0.0,0.0,0.0,13.0,489.0,20417.0,16980.0,455000.0,12850.0,,1490.0,4.0,20079.0,1430.0,0.0,0.0,630.0,,12168.0,1.0,2392.0,0.0,4210.0,89780.0,3538.0,,530.0,0.0,,4.0,6379.0,52500.0,2053.0,0.0,0.0,0.0,0.0,196970.0,0.0,,50.0,0.0,5740.0,0.0,4103.0,0.0,,0.0,3853.0,1857.0,6490.0,14040.0,0.0,66.0
1966-01-01,0.0,0.0,609293.0,0.0,10312.0,3503.0,22125.0,21047.0,96313.0,9388.0,,97.0,7929.0,278767.0,5668.0,0.0,1835.0,0.0,25800.0,40481.0,2778.0,0.0,0.0,30.0,15496.0,0.0,3.0,801.0,0.0,13.0,102.0,30.0,0.0,12812.0,0.0,1.0,3812.0,0.0,4.0,7.0,22.0,0.0,43274.0,3660.0,0.0,770.0,2.0,11.0,42436.0,0.0,0.0,10133.0,2354.0,0.0,16011.0,42500.0,25123.0,51933.0,2396.0,0.0,6.0,3932.0,36632.0,27193.0,95308.0,28830.0,,,,84.0,2800.0,5127.0,0.0,0.0,0.0,,0.0,1043.0,0.0,,7529.0,6513.0,0.0,24.0,0.0,,13130.0,0.0,14556.0,27.0,41273.0,5062.0,220.0,0.0,0.0,169891.0,6438.0,32933.0,18194.0,0.0,21025.0,1510.0,3328.0,0.0,0.0,2484.0,0.0,13208.0,17222.0,72.0,3051.0,,302044.0,0.0,0.0,2786.0,0.0,1.0,0.0,36725.0,0.0,0.0,6464.0,4.0,115.0,2484.0,,,0.0,20860.0,,,,,0.0,0.0,,7700.0,5.0,0.0,0.0,1.0,25.0,459.0,58600.0,28411.0,466000.0,19958.0,,1220.0,0.0,19769.0,1028.0,0.0,0.0,572.0,,10326.0,2.0,4855.0,0.0,6384.0,98454.0,3229.0,,840.0,0.0,,14.0,5010.0,57400.0,3181.0,0.0,0.0,0.0,0.0,215639.0,0.0,,109.0,0.0,276.0,0.0,4735.0,0.0,,6.0,2695.0,1766.0,7799.0,9566.0,0.0,61.0
1967-01-01,0.0,0.0,549425.0,0.0,4348.0,13519.0,15037.0,8366.0,74280.0,5198.0,,85.0,1910.0,307645.0,945.0,0.0,437.0,0.0,27400.0,46294.0,5647.0,0.0,0.0,0.0,15632.0,0.0,4.0,1433.0,0.0,21.0,55.0,30.0,12.0,20415.0,0.0,1.0,4264.0,0.0,4.0,0.0,2.0,0.0,59924.0,4439.0,0.0,890.0,3.0,18.0,51812.0,0.0,0.0,7268.0,2509.0,0.0,12814.0,52000.0,25708.0,84088.0,2128.0,0.0,7.0,4852.0,35729.0,33631.0,97290.0,22027.0,,,,112.0,2850.0,5000.0,0.0,0.0,0.0,,0.0,1963.0,0.0,,14504.0,5593.0,0.0,1166.0,0.0,,13095.0,0.0,14897.0,16.0,33565.0,37.0,350.0,0.0,0.0,180767.0,3340.0,31079.0,6690.0,0.0,21883.0,2610.0,3144.0,0.0,0.0,4674.0,0.0,24965.0,1954.0,9.0,2708.0,,287031.0,0.0,0.0,844.0,0.0,9000.0,0.0,48193.0,0.0,0.0,5990.0,43.0,139.0,2311.0,,,0.0,270.0,,,,,0.0,0.0,,6900.0,556.0,0.0,0.0,14.0,26.0,1402.0,53169.0,17980.0,339000.0,12757.0,,1555.0,3561.0,22765.0,1844.0,0.0,0.0,2005.0,,7515.0,3.0,5925.0,0.0,7181.0,126580.0,4207.0,,8.0,0.0,,31.0,4613.0,51609.0,1926.0,0.0,0.0,0.0,0.0,233179.0,4.0,,51.0,0.0,161.0,0.0,4786.0,12322.0,,0.0,2816.0,2303.0,9570.0,14191.0,0.0,62.0
1968-01-01,0.0,0.0,367996.0,0.0,37165.0,14837.0,17200.0,22815.0,111109.0,5558.0,,2700.0,1352.0,289407.0,2646.0,0.0,25.0,0.0,11800.0,62788.0,4956.0,0.0,0.0,14.0,15760.0,0.0,26.0,809.0,0.0,2.0,3.0,30.0,7.0,25140.0,0.0,0.0,3330.0,6.0,3.0,0.0,2.0,0.0,42746.0,3463.0,0.0,950.0,0.0,20.0,84904.0,0.0,0.0,3054.0,3118.0,0.0,9763.0,61145.0,19999.0,115727.0,2870.0,0.0,6.0,5534.0,47851.0,31346.0,75246.0,15189.0,,,,140.0,2900.0,5000.0,0.0,0.0,0.0,,0.0,4037.0,0.0,,3358.0,5610.0,0.0,2100.0,0.0,,5500.0,0.0,18839.0,26.0,35.0,75.0,550.0,0.0,0.0,182615.0,4426.0,23508.0,17707.0,0.0,32210.0,2921.0,3124.0,0.0,0.0,3440.0,0.0,18877.0,1.0,57.0,2207.0,,282757.0,0.0,0.0,1094.0,0.0,6900.0,0.0,48332.0,0.0,0.0,4770.0,27.0,80.0,4115.0,,,0.0,19400.0,,,,,0.0,0.0,,6200.0,2569.0,0.0,0.0,357.0,1230.0,1163.0,49069.0,27491.0,334000.0,15754.0,,1434.0,5030.0,22693.0,872.0,0.0,0.0,575.0,,3245.0,0.0,7362.0,0.0,6510.0,95269.0,3430.0,,0.0,0.0,,5.0,3484.0,37403.0,4495.0,0.0,0.0,0.0,0.0,220441.0,2.0,,953.0,0.0,152.0,0.0,4754.0,0.0,,0.0,2700.0,3097.0,11485.0,22202.0,0.0,95.0
1969-01-01,0.0,0.0,257261.0,0.0,109.0,218.0,9038.0,20338.0,113622.0,4468.0,,4109.0,1284.0,297046.0,521.0,0.0,7.0,0.0,14900.0,90345.0,4662.0,0.0,0.0,8.0,16429.0,0.0,17.0,624.0,0.0,25.0,3.0,20.0,34.0,18822.0,0.0,0.0,3974.0,0.0,4.0,0.0,3.0,3750.0,8168.0,4152.0,0.0,1000.0,2.0,9.0,135229.0,0.0,0.0,351.0,2251.0,0.0,16480.0,72000.0,19794.0,1154.0,2806.0,0.0,3.0,4305.0,51880.0,40180.0,87805.0,21220.0,,,,161.0,2950.0,3500.0,0.0,10.0,0.0,,0.0,2916.0,0.0,,6809.0,6537.0,0.0,2032.0,0.0,,7600.0,0.0,15168.0,27.0,86.0,231.0,715.0,0.0,0.0,161963.0,3491.0,32446.0,2746.0,0.0,45994.0,1007.0,3945.0,0.0,0.0,7148.0,20.0,26106.0,26730.0,55.0,1747.0,,317542.0,0.0,0.0,2590.0,0.0,4.0,0.0,43433.0,990.0,0.0,5567.0,10.0,116.0,4210.0,,,0.0,27504.0,,,,,1.0,0.0,,5100.0,2435.0,0.0,0.0,480.0,1696.0,501.0,36717.0,20442.0,247000.0,16034.0,,703.0,5003.0,24388.0,2063.0,0.0,0.0,347.0,,573.0,2.0,6165.0,0.0,6403.0,73460.0,4233.0,,356.0,0.0,,24.0,1544.0,45421.0,3857.0,0.0,0.0,159.0,34.0,312809.0,1.0,,4437.0,0.0,7085.0,0.0,4036.0,24469.0,,2021.0,1181.0,2299.0,9298.0,18989.0,0.0,56.0
1970-01-01,0.0,0.0,265917.0,1718.0,2208.0,6914.0,8620.0,30227.0,89785.0,5426.0,,4298.0,2004.0,318389.0,1975.0,0.0,0.0,0.0,23200.0,79528.0,5679.0,0.0,0.0,13.0,23614.0,0.0,22.0,2002.0,0.0,28.0,4.0,42.0,32.0,20835.0,0.0,0.0,4047.0,153.0,4.0,3.0,3.0,4300.0,25681.0,5075.0,0.0,990.0,0.0,0.0,138590.0,0.0,15.0,993.0,2671.0,766.0,21490.0,86000.0,24639.0,10540.0,2617.0,0.0,3.0,4301.0,38378.0,36225.0,81066.0,26574.0,,,,0.0,3000.0,4120.0,9500.0,634.0,0.0,,0.0,2081.0,0.0,,12799.0,8509.0,0.0,3306.0,0.0,,2800.0,0.0,17315.0,70.0,7317.0,143.0,860.0,0.0,0.0,128660.0,3052.0,36379.0,29829.0,0.0,38862.0,1718.0,4522.0,0.0,0.0,3861.0,43.0,32133.0,70786.0,135.0,2247.0,,345502.0,0.0,0.0,2321.0,0.0,0.0,0.0,42287.0,6600.0,0.0,7701.0,10.0,0.0,5932.0,,,0.0,4200.0,,,,,0.0,0.0,,6000.0,1895.0,0.0,0.0,484.0,2083.0,131.0,25322.0,17474.0,371000.0,12745.0,,39.0,5509.0,23657.0,3015.0,0.0,0.0,339.0,,1197.0,0.0,3755.0,0.0,6663.0,47336.0,3722.0,,2934.0,0.0,,26.0,1655.0,35820.0,5875.0,0.0,0.0,695.0,23.0,318372.0,1.0,,4563.0,0.0,398.0,0.0,5826.0,0.0,,3103.0,2900.0,3240.0,8573.0,13353.0,0.0,104.0
1971-01-01,0.0,0.0,156471.0,15700.0,75950.0,75201.0,9058.0,20176.0,131015.0,2672.0,,4270.0,4927.0,347113.0,1974.0,0.0,830.0,0.0,23000.0,115101.0,8017.0,0.0,0.0,50.0,21341.0,0.0,47.0,3690.0,0.0,36.0,4.0,121.0,18.0,20892.0,0.0,0.0,3697.0,199.0,4.0,11732.0,4.0,0.0,48972.0,6165.0,0.0,1050.0,0.0,0.0,111070.0,0.0,8.0,5588.0,3332.0,386.0,31945.0,66000.0,23449.0,13267.0,3851.0,0.0,6.0,3664.0,52264.0,42972.0,141358.0,12005.0,,,,23.0,3050.0,5600.0,21500.0,57.0,0.0,,0.0,3683.0,0.0,,7834.0,9323.0,9.0,2533.0,0.0,,15000.0,0.0,12127.0,56.0,2803.0,13437.0,870.0,0.0,0.0,124450.0,1766.0,39028.0,49075.0,0.0,36103.0,1277.0,3993.0,6.0,0.0,4702.0,228.0,22852.0,46921.0,217.0,1662.0,,335894.0,0.0,0.0,648.0,1063.0,8100.0,0.0,39972.0,11700.0,0.0,6774.0,2.0,465.0,4921.0,,,0.0,12000.0,,,,,0.0,0.0,,6200.0,2214.0,0.0,0.0,1182.0,3915.0,0.0,52109.0,25860.0,227000.0,27621.0,,574.0,5559.0,28363.0,2310.0,0.0,0.0,221.0,,5798.0,0.0,8151.0,0.0,3918.0,134674.0,4530.0,,2969.0,0.0,,3.0,1808.0,17243.0,5573.0,0.0,0.0,604.0,0.0,321726.0,0.0,,3204.0,0.0,314.0,0.0,5477.0,6.0,,3790.0,3400.0,3722.0,9518.0,27653.0,0.0,128.0
1972-01-01,0.0,0.0,28316.0,42700.0,62764.0,13744.0,15305.0,19128.0,115153.0,6966.0,,5683.0,2870.0,361513.0,3815.0,0.0,4553.0,1287.0,25000.0,128136.0,7073.0,0.0,0.0,130.0,14602.0,0.0,35.0,2614.0,0.0,13.0,5.0,480.0,15.0,26524.0,0.0,0.0,4162.0,593.0,5.0,46526.0,16.0,1500.0,29794.0,5867.0,0.0,1300.0,1.0,0.0,148426.0,0.0,5.0,3490.0,2788.0,2.0,33470.0,72000.0,26143.0,51586.0,3133.0,0.0,0.0,3535.0,46135.0,51000.0,91335.0,15075.0,,,,552.0,0.0,3000.0,1800.0,145.0,0.0,,0.0,2585.0,0.0,,11289.0,8442.0,7.0,2762.0,0.0,,15000.0,0.0,12998.0,21.0,885.0,153.0,980.0,0.0,0.0,141185.0,1849.0,30188.0,17359.0,0.0,50175.0,1467.0,6146.0,65.0,0.0,3514.0,319.0,21281.0,6480.0,300.0,4736.0,,310143.0,0.0,0.0,211.0,2608.0,8016.0,0.0,48295.0,12676.0,0.0,13823.0,2.0,719.0,6405.0,,,0.0,0.0,,,,,0.0,0.0,,6900.0,3547.0,0.0,0.0,798.0,7434.0,0.0,66439.0,25759.0,351000.0,28466.0,,1770.0,6122.0,36426.0,2476.0,0.0,944.0,780.0,,3716.0,1.0,9978.0,0.0,9924.0,96154.0,4579.0,,500.0,0.0,,4.0,1378.0,21882.0,5219.0,0.0,0.0,865.0,0.0,415160.0,0.0,,6457.0,0.0,246.0,0.0,5515.0,8.0,,3535.0,3738.0,3765.0,9247.0,2252.0,0.0,84.0
1973-01-01,0.0,0.0,295798.0,54739.0,70008.0,21544.0,12881.0,39959.0,284074.0,13034.0,,7751.0,7335.0,658961.0,11093.0,0.0,10252.0,3033.0,44000.0,256621.0,7552.0,0.0,0.0,0.0,43027.0,0.0,19.0,26363.0,0.0,14.0,7.0,1874.0,10.0,40298.0,0.0,0.0,11235.0,4100.0,10.0,78132.0,3.0,6500.0,117970.0,13742.0,0.0,2250.0,0.0,0.0,232510.0,0.0,3.0,0.0,6107.0,185.0,56705.0,340918.0,45807.0,105653.0,6168.0,0.0,2.0,3289.0,33977.0,58792.0,136259.0,30277.0,,,,2550.0,0.0,2000.0,20000.0,203.0,0.0,,0.0,12000.0,0.0,,13067.0,11811.0,10.0,5184.0,0.0,,2100.0,0.0,28223.0,29.0,917.0,364.0,2032.0,0.0,0.0,376850.0,2788.0,46631.0,6792.0,0.0,64756.0,2.0,9797.0,405.0,0.0,8323.0,670.0,29009.0,1938.0,893.0,1509.0,,414550.0,0.0,0.0,488.0,3152.0,17031.0,0.0,64929.0,25055.0,0.0,13208.0,0.0,3478.0,4775.0,,,0.0,0.0,,,,,2443.0,0.0,,7500.0,3716.0,9.0,0.0,790.0,9405.0,40.0,89698.0,83341.0,655000.0,33914.0,,2508.0,11161.0,37660.0,15314.0,0.0,950.0,3002.0,,1087.0,0.0,15370.0,0.0,16494.0,138471.0,9993.0,,1224.0,0.0,,846.0,2520.0,53837.0,12617.0,0.0,0.0,958.0,2.0,461940.0,0.0,,13225.0,0.0,0.0,0.0,7412.0,92259.0,,6665.0,9100.0,4626.0,14844.0,378.0,0.0,85.0
1974-01-01,0.0,0.0,711243.0,71227.0,310390.0,161192.0,38002.0,70729.0,533589.0,9285.0,,10429.0,761.0,1206920.0,8440.0,0.0,2651.0,4733.0,100000.0,297562.0,2109.0,0.0,0.0,10.0,37805.0,0.0,17.0,67285.0,0.0,2.0,0.0,185.0,0.0,82601.0,0.0,1404.0,10754.0,3000.0,8.0,188865.0,4.0,0.0,163178.0,12376.0,0.0,2800.0,0.0,2500.0,243250.0,0.0,4.0,11543.0,6929.0,327.0,80583.0,368200.0,56578.0,156202.0,6659.0,0.0,1.0,10721.0,89020.0,92244.0,178540.0,82764.0,,,,4564.0,0.0,7800.0,59000.0,582.0,0.0,,0.0,14117.0,0.0,,18998.0,11891.0,28.0,5611.0,0.0,,200.0,6.0,38494.0,37.0,1246.0,5454.0,1527.0,0.0,0.0,522344.0,2043.0,89004.0,21507.0,0.0,166304.0,13431.0,19808.0,904.0,0.0,16452.0,1311.0,41157.0,239094.0,939.0,7175.0,,579083.0,0.0,0.0,14973.0,2572.0,16060.0,0.0,109238.0,25471.0,0.0,31152.0,0.0,19870.0,11582.0,,,0.0,12000.0,,,,,1577.0,32.0,,10600.0,7803.0,0.0,0.0,22.0,17505.0,164.0,302516.0,255352.0,1157000.0,79128.0,,2700.0,17722.0,82355.0,6518.0,0.0,820.0,1314.0,,20037.0,0.0,21783.0,0.0,30098.0,600000.0,13709.0,,14300.0,0.0,,8227.0,1392.0,47761.0,23795.0,0.0,0.0,4011.0,52.0,478331.0,0.0,,21754.0,0.0,51923.0,0.0,12789.0,58.0,,9981.0,18000.0,9475.0,29739.0,791.0,0.0,93.0
1975-01-01,0.0,0.0,1404336.0,66964.0,335452.0,134072.0,43931.0,88041.0,355511.0,12008.0,,6985.0,16.0,1117094.0,8967.0,0.0,11260.0,7700.0,54000.0,293651.0,24912.0,0.0,0.0,0.0,52000.0,72.0,2498.0,50031.0,0.0,1.0,0.0,4514.0,0.0,51371.0,0.0,0.0,10878.0,2287.0,13.0,17419.0,2.0,1876.0,247886.0,24337.0,0.0,2200.0,0.0,0.0,439218.0,0.0,6.0,27978.0,11007.0,3.0,89305.0,351167.0,42314.0,248522.0,10043.0,0.0,0.0,4284.0,149058.0,105117.0,212055.0,69974.0,,,,0.0,0.0,7698.0,70409.0,843.0,0.0,,0.0,12900.0,0.0,,2789.0,21589.0,83.0,4990.0,0.0,,1712.0,3.0,38641.0,52.0,133.0,6583.0,2576.0,0.0,0.0,356951.0,3526.0,73215.0,28027.0,0.0,106952.0,21768.0,13483.0,65.0,2.0,21872.0,2700.0,36028.0,102714.0,2522.0,123.0,,660867.0,620.0,0.0,5016.0,3025.0,0.0,0.0,147079.0,42000.0,0.0,43965.0,0.0,23000.0,18766.0,,,0.0,19000.0,,,,,0.0,83.0,,11000.0,8872.0,0.0,0.0,9.0,19452.0,155.0,315002.0,114036.0,667000.0,54060.0,,5800.0,19463.0,99430.0,5000.0,0.0,897.0,2985.0,,35585.0,1.0,40325.0,0.0,34256.0,590000.0,15324.0,,11200.0,0.0,,7312.0,2249.0,106845.0,19000.0,0.0,0.0,5768.0,62.0,450993.0,0.0,,19524.0,1.0,0.0,0.0,15722.0,0.0,,9401.0,16965.0,9776.0,22045.0,4363.0,0.0,67.0
1976-01-01,0.0,0.0,1182508.0,74528.0,101823.0,141244.0,29351.0,80941.0,412851.0,20344.0,,13458.0,2835.0,1053921.0,28737.0,0.0,15.0,0.0,73500.0,276030.0,27740.0,0.0,0.0,0.0,50300.0,190.0,2089.0,48639.0,0.0,3.0,0.0,6830.0,0.0,61910.0,0.0,10.0,5866.0,2248.0,17.0,240.0,1.0,0.0,164335.0,21084.0,0.0,3900.0,0.0,100.0,256595.0,0.0,8.0,18788.0,8292.0,0.0,156150.0,158882.0,47324.0,180254.0,8428.0,0.0,0.0,8829.0,103771.0,124964.0,347204.0,40657.0,,,,4260.0,0.0,1883.0,157000.0,1411.0,0.0,,0.0,13860.0,0.0,,6113.0,22480.0,70.0,5246.0,0.0,,1100.0,3.0,23870.0,34.0,57.0,12559.0,2087.0,0.0,0.0,547515.0,2509.0,67660.0,958.0,0.0,102835.0,568.0,24269.0,927.0,3.0,21227.0,1592.0,43177.0,1339.0,2813.0,3252.0,,592229.0,1401.0,0.0,3254.0,3044.0,5.0,0.0,117107.0,47600.0,1.0,39307.0,0.0,35814.0,9635.0,,,0.0,5400.0,,,,,1714.0,63.0,,10800.0,7373.0,0.0,300.0,11.0,17061.0,0.0,262861.0,254245.0,340000.0,65071.0,,4200.0,13912.0,96439.0,5731.0,0.0,3177.0,4358.0,,27108.0,0.0,43752.0,0.0,25326.0,465000.0,18159.0,,14000.0,0.0,,7997.0,0.0,60389.0,9500.0,0.0,0.0,6888.0,158.0,601453.0,0.0,,20000.0,0.0,0.0,0.0,14430.0,0.0,,9769.0,19861.0,8574.0,25637.0,10636.0,0.0,77.0
1977-01-01,0.0,0.0,164721.0,39627.0,188814.0,145000.0,35382.0,75516.0,495958.0,22524.0,,8813.0,833.0,748340.0,20352.0,0.0,4765.0,0.0,70000.0,273228.0,9110.0,0.0,0.0,0.0,34000.0,1093.0,2405.0,42702.0,0.0,5.0,0.0,4192.0,0.0,58696.0,0.0,21.0,7229.0,2343.0,19.0,47062.0,63.0,6500.0,145387.0,7700.0,0.0,2600.0,0.0,150.0,215311.0,0.0,10.0,0.0,8888.0,600.0,149299.0,55679.0,33768.0,66662.0,10155.0,0.0,570.0,5549.0,95524.0,89446.0,278540.0,52885.0,,,,2597.0,0.0,37.0,76000.0,1460.0,0.0,,0.0,19885.0,0.0,,14675.0,18758.0,102.0,4443.0,0.0,,8873.0,6.0,41208.0,2312.0,97.0,26643.0,2000.0,0.0,0.0,295327.0,1427.0,49074.0,32784.0,0.0,75280.0,6206.0,10702.0,5032.0,3.0,14398.0,7397.0,62838.0,779.0,2205.0,0.0,,588151.0,1155.0,0.0,3230.0,5345.0,50.0,0.0,97721.0,128000.0,0.0,39543.0,0.0,18741.0,11397.0,,,12.0,20200.0,,,,,0.0,0.0,,9000.0,11848.0,0.0,646.0,1.0,16965.0,800.0,197378.0,53265.0,1175800.0,26733.0,,6461.0,13463.0,122556.0,3072.0,0.0,5770.0,1612.0,,6289.0,0.0,21440.0,0.0,20832.0,455000.0,14381.0,,23000.0,0.0,,5389.0,505.0,36637.0,6000.0,0.0,0.0,5469.0,120.0,392823.0,0.0,,20292.0,0.0,0.0,0.0,11633.0,0.0,,6981.0,16470.0,8029.0,21350.0,1637.0,0.0,193.0
1978-01-01,0.0,0.0,87639.0,77679.0,138881.0,245000.0,48226.0,77911.0,668060.0,22140.0,,9021.0,207.0,837433.0,28818.0,0.0,15337.0,0.0,56000.0,235353.0,25867.0,0.0,0.0,0.0,47000.0,493.0,1125.0,41956.0,0.0,2.0,0.0,4970.0,0.0,71800.0,0.0,2088.0,7791.0,5700.0,22.0,70487.0,71.0,0.0,205806.0,6186.0,0.0,3000.0,0.0,110.0,281216.0,0.0,12.0,0.0,9414.0,3463.0,121056.0,185130.0,42693.0,134991.0,7866.0,0.0,2400.0,4879.0,90942.0,97373.0,266947.0,95471.0,,,,2900.0,0.0,0.0,35400.0,1529.0,0.0,,0.0,30787.0,5000.0,,16466.0,12670.0,207.0,5343.0,0.0,,12267.0,2.0,33993.0,116.0,566.0,35277.0,2200.0,0.0,0.0,601231.0,2180.0,75387.0,20943.0,0.0,96003.0,11670.0,16361.0,2179.0,6.0,14983.0,3337.0,75091.0,0.0,12198.0,0.0,,554360.0,1369.0,0.0,120.0,4456.0,11227.0,0.0,115149.0,123000.0,0.0,68875.0,0.0,13675.0,12144.0,,,0.0,11000.0,,,,,0.0,0.0,,5500.0,12389.0,0.0,962.0,0.0,8724.0,1000.0,235957.0,129261.0,1343000.0,50740.0,,50.0,13788.0,102592.0,6482.0,0.0,3213.0,9680.0,,10690.0,0.0,23260.0,0.0,26243.0,511000.0,17626.0,,28000.0,0.0,,7857.0,18872.0,118921.0,11344.0,0.0,0.0,2957.0,0.0,367453.0,0.0,,20031.0,0.0,0.0,0.0,12600.0,0.0,,6844.0,13465.0,10052.0,19985.0,507.0,0.0,161.0
1979-01-01,0.0,0.0,89213.0,91056.0,59024.0,366000.0,55898.0,100093.0,616193.0,29220.0,,5237.0,1096.0,1090426.0,45295.0,0.0,6542.0,0.0,82500.0,299077.0,17955.0,0.0,0.0,0.0,54000.0,4394.0,5149.0,21100.0,0.0,8.0,0.0,3339.0,759.0,79913.0,0.0,39.0,8047.0,1611.0,96.0,201728.0,1481.0,12200.0,249729.0,16298.0,0.0,3800.0,0.0,2100.0,322853.0,0.0,0.0,5982.0,3118.0,800.0,206730.0,127131.0,53751.0,354018.0,9563.0,0.0,3100.0,8278.0,135352.0,124745.0,416201.0,131114.0,,,,12617.0,0.0,0.0,17100.0,1050.0,0.0,,0.0,36227.0,5420.0,,82412.0,25298.0,37.0,6347.0,0.0,,36405.0,3.0,56179.0,1400.0,264.0,40374.0,2800.0,0.0,0.0,630481.0,7441.0,61817.0,1692.0,0.0,115327.0,4660.0,29092.0,6420.0,3.0,18598.0,10497.0,126353.0,0.0,9555.0,21.0,,544344.0,1520.0,0.0,965.0,5102.0,34925.0,0.0,141615.0,110000.0,6.0,72276.0,0.0,32000.0,15174.0,,,0.0,78000.0,,,,,0.0,0.0,,2100.0,13982.0,0.0,911.0,0.0,18934.0,1200.0,274949.0,137800.0,1742000.0,52553.0,,2400.0,17387.0,122046.0,9314.0,0.0,7668.0,6996.0,,20671.0,0.0,21213.0,0.0,29414.0,505000.0,19222.0,,24000.0,0.0,,11004.0,43465.0,107960.0,25404.0,89.0,0.0,3951.0,0.0,422905.0,0.0,,13642.0,0.0,13.0,0.0,16837.0,0.0,,9452.0,21000.0,12184.0,25507.0,853.0,0.0,78.0
1980-01-01,0.0,0.0,107793.0,161955.0,243300.0,514670.0,91530.0,109761.0,773276.0,42665.0,,18858.0,35.0,1236139.0,46748.0,0.0,13390.0,7400.0,97000.0,366616.0,38003.0,0.0,0.0,0.0,60900.0,8729.0,3571.0,63889.0,0.0,4.0,0.0,6760.0,6445.0,93310.0,0.0,205.0,7391.0,3400.0,41.0,163194.0,4130.0,1800.0,319445.0,41000.0,0.0,4300.0,0.0,9300.0,332792.0,0.0,2.0,11451.0,9017.0,1700.0,264000.0,216274.0,62951.0,105178.0,10885.0,0.0,3461.0,11836.0,171160.0,149576.0,603236.0,110956.0,,,,6860.0,500.0,503.0,153700.0,2156.0,0.0,,0.0,36594.0,6084.0,,50881.0,23489.0,54.0,2882.0,0.0,,798.0,7.0,63049.0,700.0,1016.0,70521.0,2549.0,0.0,0.0,1051315.0,10768.0,78194.0,5348.0,0.0,146242.0,5536.0,29741.0,6516.0,3.0,25548.0,13934.0,155104.0,0.0,23112.0,0.0,,541042.0,1948.0,0.0,1468.0,2715.0,4983.0,0.0,177854.0,106553.0,1.0,103325.0,0.0,31000.0,29000.0,,,0.0,6600.0,,,,,0.0,586.0,,7000.0,19740.0,0.0,1061.0,0.0,33213.0,260.0,401781.0,176581.0,2436000.0,128797.0,,2811.0,24996.0,188272.0,9730.0,0.0,9060.0,14142.0,,26450.0,0.0,28582.0,0.0,68596.0,839000.0,26185.0,,62000.0,0.0,,10949.0,64583.0,180768.0,6800.0,29.0,0.0,5447.0,0.0,404603.0,0.0,,31000.0,0.0,956.0,1400.0,24419.0,0.0,,8849.0,35600.0,15335.0,26514.0,473.0,0.0,74.0
1981-01-01,0.0,0.0,154821.0,151165.0,287166.0,373000.0,87452.0,104941.0,686588.0,39874.0,,16562.0,66.0,1269755.0,54416.0,0.0,10009.0,0.0,158000.0,405091.0,43946.0,0.0,0.0,0.0,73000.0,4060.0,4146.0,33824.0,0.0,4.0,0.0,4630.0,3308.0,104271.0,0.0,2000.0,8277.0,7000.0,38.0,214491.0,4816.0,23300.0,397085.0,28000.0,0.0,4500.0,0.0,6600.0,325233.0,0.0,2.0,12752.0,46942.0,1550.0,259698.0,114046.0,83503.0,63899.0,16423.0,0.0,6402.0,14285.0,193170.0,179099.0,608606.0,179453.0,,,,5830.0,240.0,3600.0,134700.0,2132.0,0.0,,0.0,36463.0,5265.0,,106773.0,21316.0,19.0,482.0,0.0,,18100.0,0.0,59371.0,23000.0,53605.0,44417.0,2520.0,0.0,0.0,962201.0,13256.0,75815.0,6868.0,0.0,132792.0,8908.0,45827.0,11090.0,4.0,25436.0,13977.0,110786.0,47461.0,26609.0,1500.0,,422201.0,1788.0,0.0,235.0,5811.0,1375.0,0.0,198999.0,128000.0,0.0,114804.0,0.0,38182.0,22753.0,,,1.0,12600.0,,,,,0.0,394.0,,14400.0,12103.0,0.0,1050.0,0.0,97582.0,760.0,332769.0,211031.0,2822600.0,72472.0,,2307.0,22298.0,177239.0,12394.0,0.0,10000.0,8882.0,,32883.0,0.0,37441.0,0.0,66067.0,969000.0,24267.0,,27000.0,0.0,,12924.0,65499.0,175012.0,14805.0,44.0,0.0,6235.0,0.0,459754.0,0.0,,19056.0,0.0,89.0,0.0,29340.0,0.0,,10851.0,34679.0,14515.0,26926.0,19246.0,0.0,88.0
1982-01-01,0.0,0.0,364013.0,151041.0,299635.0,386000.0,46017.0,121803.0,695648.0,32274.0,,14142.0,272.0,1116981.0,53890.0,0.0,25598.0,950.0,120000.0,347460.0,48156.0,0.0,0.0,0.0,54000.0,5882.0,2000.0,70162.0,0.0,2.0,0.0,2000.0,2121.0,99490.0,0.0,8800.0,11382.0,5900.0,40.0,78598.0,2610.0,6500.0,240221.0,24000.0,0.0,4480.0,0.0,7517.0,293006.0,0.0,4.0,11072.0,17641.0,1800.0,266670.0,198866.0,61481.0,76032.0,12527.0,0.0,8145.0,7093.0,183070.0,182549.0,546360.0,114874.0,,,,7690.0,600.0,1300.0,39200.0,923.0,0.0,,0.0,42671.0,5958.0,,116736.0,21000.0,7.0,2496.0,0.0,,17800.0,0.0,24223.0,18600.0,20754.0,35452.0,4300.0,0.0,57.0,851985.0,9563.0,63392.0,2131.0,0.0,142495.0,7740.0,25901.0,6600.0,2.0,21279.0,14729.0,100384.0,91624.0,30820.0,2300.0,,318505.0,1798.0,0.0,6476.0,5854.0,119.0,0.0,145756.0,30000.0,0.0,114153.0,0.0,32023.0,22000.0,,,0.0,10200.0,,,,,0.0,1441.0,,12000.0,13765.0,0.0,1124.0,600.0,87600.0,1030.0,408826.0,157715.0,2882227.0,104321.0,,2540.0,19502.0,219804.0,9583.0,0.0,9457.0,11409.0,,30698.0,0.0,21227.0,0.0,61492.0,940950.0,31135.0,,36000.0,0.0,,11039.0,57071.0,240724.0,14500.0,37.0,0.0,6318.0,0.0,463866.0,0.0,,13050.0,0.0,5859.0,0.0,20040.0,0.0,,3794.0,35000.0,14938.0,26046.0,384.0,0.0,120.0
1983-01-01,0.0,0.0,641060.0,333645.0,446275.0,414000.0,54239.0,83854.0,550959.0,36383.0,,13922.0,232.0,1126930.0,86514.0,0.0,13933.0,1000.0,68000.0,333501.0,31831.0,0.0,0.0,0.0,27100.0,12793.0,3610.0,44000.0,0.0,1.0,5619.0,2604.0,1011.0,107787.0,0.0,8000.0,5889.0,13200.0,23.0,59657.0,2866.0,4800.0,260035.0,19800.0,0.0,4300.0,0.0,6793.0,208033.0,0.0,9.0,14834.0,14100.0,2700.0,353401.0,200168.0,37178.0,68951.0,11033.0,0.0,6623.0,16321.0,189320.0,148555.0,287999.0,96672.0,,,,5483.0,450.0,4880.0,22100.0,1352.0,0.0,,0.0,50780.0,5603.0,,107259.0,17480.0,0.0,1253.0,0.0,,14030.0,0.0,22473.0,3500.0,2566.0,8151.0,5840.0,0.0,41.0,804889.0,7944.0,77156.0,112806.0,0.0,131316.0,5700.0,30614.0,11453.0,5.0,18623.0,16649.0,154754.0,1998.0,23916.0,2100.0,,264839.0,1772.0,0.0,5838.0,5366.0,10105.0,0.0,176938.0,5600.0,0.0,96102.0,1.0,32100.0,13600.0,,,0.0,0.0,,,,,0.0,2249.0,,7800.0,17014.0,0.0,1306.0,280.0,94300.0,1136.0,375185.0,198348.0,2070840.0,127441.0,,1851.0,21415.0,218469.0,11418.0,0.0,6421.0,24686.0,,33997.0,0.0,30727.0,0.0,65360.0,931000.0,20140.0,,55555.0,0.0,,11977.0,655.0,115522.0,16000.0,25.0,0.0,6680.0,0.0,491184.0,0.0,,21000.0,0.0,758.0,0.0,33030.0,0.0,,0.0,36000.0,12544.0,25963.0,318.0,0.0,51.0
1984-01-01,0.0,0.0,251202.0,276055.0,459946.0,518000.0,55891.0,103127.0,747118.0,34174.0,,21404.0,110.0,1114021.0,98327.0,0.0,29128.0,900.0,38000.0,424159.0,35072.0,0.0,0.0,0.0,52000.0,9368.0,2853.0,56000.0,0.0,1.0,2689.0,7336.0,589.0,105806.0,0.0,5000.0,8205.0,14800.0,31.0,41360.0,4330.0,300.0,378570.0,21500.0,0.0,3800.0,0.0,1465.0,235959.0,0.0,3.0,26854.0,21012.0,1200.0,317926.0,237857.0,35395.0,63527.0,12969.0,0.0,10007.0,1518.0,169980.0,146172.0,267637.0,127550.0,,,,5128.0,470.0,11437.0,5500.0,1757.0,0.0,,0.0,31575.0,6256.0,,59822.0,16446.0,0.0,1048.0,0.0,,4314.0,350.0,21223.0,7200.0,47582.0,20860.0,6048.0,0.0,15.0,840885.0,10092.0,53595.0,219545.0,0.0,125486.0,10110.0,24120.0,6019.0,2.0,19325.0,13595.0,130541.0,144400.0,32921.0,2000.0,,227402.0,331.0,0.0,15133.0,6507.0,8455.0,0.0,185704.0,22000.0,0.0,111516.0,2.0,27000.0,12500.0,,,2.0,9700.0,,,,,0.0,1018.0,,7900.0,12215.0,0.0,1469.0,0.0,68690.0,7765.0,367921.0,154503.0,1712380.0,124705.0,,852.0,23447.0,221489.0,13658.0,0.0,5664.0,19376.0,,49094.0,0.0,20744.0,0.0,48620.0,892000.0,24157.0,,38575.0,0.0,,10783.0,7142.0,87679.0,18000.0,13.0,0.0,6647.0,0.0,541950.0,0.0,,16000.0,0.0,4988.0,1382.0,37480.0,0.0,,0.0,33000.0,17139.0,24114.0,306.0,0.0,233.0
1985-01-01,0.0,0.0,39000.0,258565.0,344209.0,309000.0,57679.0,111848.0,789534.0,35143.0,,27725.0,45.0,990669.0,69231.0,0.0,23261.0,0.0,36000.0,441569.0,26300.0,0.0,11.0,0.0,60000.0,5878.0,3411.0,40000.0,0.0,0.0,3564.0,6900.0,2698.0,98800.0,0.0,9000.0,6773.0,12000.0,22.0,40966.0,3277.0,3300.0,256510.0,13416.0,0.0,3700.0,0.0,194.0,266745.0,0.0,2.0,12606.0,6619.0,3800.0,367564.0,247219.0,26822.0,181526.0,15617.0,0.0,7137.0,10888.0,127730.0,118751.0,212519.0,88173.0,,,,4559.0,430.0,20912.0,0.0,1200.0,0.0,,0.0,47922.0,5399.0,,23638.0,21920.0,0.0,564.0,0.0,,10529.0,2825.0,20996.0,8000.0,13953.0,31391.0,6387.0,0.0,1.0,660612.0,9254.0,43437.0,89042.0,0.0,133427.0,6492.0,22938.0,4947.0,2.0,13658.0,14071.0,70805.0,119877.0,34368.0,1400.0,,297498.0,0.0,0.0,37071.0,4698.0,199.0,0.0,193035.0,5000.0,16.0,108155.0,2.0,26000.0,12614.0,,,4.0,104000.0,,,,,0.0,5829.0,,8800.0,5188.0,0.0,1493.0,0.0,107085.0,5600.0,543185.0,67839.0,885977.0,106065.0,,350.0,19418.0,255294.0,12704.0,0.0,6600.0,36203.0,,31403.0,0.0,33473.0,0.0,37050.0,814000.0,30798.0,,77427.0,0.0,,10786.0,13511.0,56829.0,10100.0,0.0,0.0,5800.0,0.0,671351.0,0.0,,13300.0,0.0,66226.0,1183.0,25020.0,0.0,,0.0,30500.0,17607.0,22238.0,3742.0,0.0,67.0
1986-01-01,0.0,0.0,41128.0,272411.0,197372.0,297000.0,86505.0,96310.0,1115132.0,39327.0,,25579.0,206.0,900357.0,42616.0,0.0,14960.0,0.0,43000.0,424756.0,19079.0,0.0,0.0,0.0,41000.0,5974.0,3788.0,52278.0,0.0,0.0,6685.0,3600.0,1643.0,81338.0,299.0,9000.0,7759.0,6600.0,39.0,23290.0,3036.0,240.0,163297.0,15254.0,0.0,2600.0,0.0,1717.0,274471.0,0.0,1.0,15265.0,15974.0,300.0,203150.0,154484.0,38811.0,292636.0,14322.0,0.0,5439.0,3609.0,144770.0,149208.0,156456.0,87874.0,,,,3780.0,540.0,5850.0,21000.0,399.0,0.0,,0.0,30530.0,4012.0,,27733.0,20978.0,0.0,2100.0,0.0,,12058.0,5911.0,22316.0,2500.0,45138.0,160252.0,5522.0,0.0,42.0,280628.0,7720.0,46718.0,75349.0,0.0,121172.0,1400.0,19733.0,7296.0,0.0,14681.0,11615.0,112725.0,97897.0,33266.0,980.0,,347245.0,1732.0,0.0,27411.0,4250.0,13229.0,0.0,152949.0,4140.0,0.0,82018.0,0.0,22000.0,11000.0,,,25.0,33000.0,,,,,0.0,2320.0,,8000.0,6587.0,0.0,1884.0,0.0,90360.0,1400.0,381230.0,19531.0,815157.0,92540.0,,3108.0,19018.0,179039.0,8373.0,0.0,4100.0,46799.0,,32258.0,0.0,29220.0,0.0,57908.0,584000.0,25790.0,,80657.0,0.0,,9721.0,5633.0,82980.0,877.0,0.0,0.0,6900.0,0.0,519836.0,0.0,,10803.0,0.0,102356.0,200.0,19372.0,1867.0,,2800.0,24500.0,14662.0,20531.0,150.0,0.0,118.0
1987-01-01,0.0,0.0,6926.0,244030.0,290258.0,336000.0,78261.0,77659.0,1074104.0,39499.0,,27922.0,90.0,793466.0,77163.0,0.0,21717.0,0.0,70000.0,429705.0,22200.0,0.0,0.0,0.0,38000.0,3172.0,1210.0,30085.0,0.0,0.0,4639.0,3425.0,2821.0,85214.0,197.0,21000.0,4662.0,5000.0,25.0,42216.0,3369.0,0.0,173118.0,21920.0,0.0,3200.0,0.0,3053.0,348305.0,0.0,0.0,7064.0,10500.0,3697.0,15194.0,200590.0,27914.0,68674.0,11650.0,0.0,4409.0,0.0,120010.0,93991.0,162654.0,62479.0,,,,4074.0,800.0,3418.0,0.0,1263.0,0.0,,0.0,49119.0,2546.0,,38555.0,16895.0,1.0,3500.0,0.0,,40800.0,3014.0,16985.0,2100.0,14376.0,156679.0,4184.0,0.0,40.0,293231.0,11102.0,49956.0,65102.0,0.0,121945.0,3662.0,25758.0,8003.0,0.0,17464.0,16118.0,103815.0,32637.0,17286.0,2400.0,,366280.0,1310.0,0.0,40316.0,5000.0,11681.0,0.0,142972.0,7773.0,23.0,80060.0,1.0,27700.0,9948.0,,,12.0,47000.0,,,,,0.0,2071.0,,6700.0,5344.0,0.0,1824.0,0.0,47952.0,0.0,267058.0,4683.0,1362381.0,84585.0,,2621.0,19316.0,144479.0,9458.0,0.0,2000.0,33684.0,,24944.0,0.0,30600.0,0.0,61769.0,594000.0,11886.0,,54411.0,0.0,,11432.0,7734.0,52881.0,7203.0,0.0,0.0,4800.0,0.0,482702.0,0.0,,13000.0,0.0,118897.0,1704.0,21896.0,0.0,,7000.0,17700.0,12208.0,17952.0,4411.0,0.0,289.0
1988-01-01,0.0,1.0,298828.0,225387.0,328771.0,475000.0,67970.0,97056.0,1179668.0,34754.0,,27639.0,109.0,1033897.0,64683.0,0.0,11200.0,0.0,110000.0,542455.0,19080.0,0.0,0.0,0.0,43000.0,3200.0,2200.0,34063.0,0.0,0.0,7400.0,3900.0,2587.0,122321.0,0.0,11000.0,7134.0,6205.0,58.0,152684.0,3433.0,0.0,172420.0,29567.0,0.0,3700.0,0.0,9500.0,570050.0,0.0,0.0,21457.0,19000.0,9978.0,25000.0,310687.0,38481.0,105480.0,7547.0,0.0,7687.0,0.0,139020.0,161202.0,209424.0,67374.0,,,,9706.0,750.0,12150.0,0.0,2353.0,0.0,,0.0,19595.0,4878.0,,52996.0,19574.0,150.0,1100.0,0.0,,34235.0,5085.0,39597.0,3200.0,9082.0,150157.0,3734.0,0.0,79.0,111049.0,12676.0,39817.0,70470.0,0.0,160403.0,864.0,39743.0,16945.0,8.0,18702.0,15901.0,200940.0,2895.0,35500.0,3300.0,,393693.0,2013.0,0.0,64247.0,6000.0,129.0,0.0,187231.0,10000.0,35.0,102323.0,1823.0,28500.0,9882.0,,,24.0,73000.0,,,,,0.0,2048.0,,5800.0,11337.0,8.0,1515.0,0.0,90350.0,0.0,372907.0,13851.0,1731038.0,91204.0,,7797.0,25000.0,108335.0,11749.0,0.0,10000.0,13248.0,,46193.0,0.0,34900.0,0.0,63039.0,822000.0,16003.0,,156000.0,0.0,,11108.0,17515.0,46312.0,5000.0,169.0,0.0,4600.0,0.0,478059.0,0.0,,23700.0,0.0,70161.0,1331.0,31794.0,0.0,,9600.0,20000.0,17942.0,18994.0,3196.0,0.0,1540.0
1989-01-01,0.0,19.0,9887.0,286904.0,1092573.0,627000.0,49431.0,111725.0,1426200.0,45390.0,,25216.0,123.0,1188304.0,29616.0,0.0,22351.0,0.0,25000.0,436010.0,31900.0,0.0,11.0,0.0,28000.0,4000.0,400.0,66017.0,0.0,0.0,5800.0,2856.0,4493.0,131740.0,3.0,6500.0,8311.0,18001.0,7554.0,75926.0,3832.0,0.0,214237.0,20478.0,0.0,2500.0,0.0,2039.0,332187.0,0.0,0.0,34859.0,11500.0,7991.0,29000.0,282255.0,46187.0,364521.0,15694.0,0.0,10540.0,0.0,161550.0,229664.0,165200.0,104766.0,,,,8582.0,340.0,7400.0,5947.0,1830.0,0.0,,0.0,24988.0,6284.0,,46917.0,39599.0,4.0,1600.0,0.0,,35700.0,6000.0,61466.0,10600.0,5911.0,36943.0,7000.0,0.0,19.0,236276.0,10772.0,51282.0,130731.0,0.0,176632.0,6.0,58163.0,16533.0,0.0,21188.0,27114.0,215430.0,373945.0,63700.0,2000.0,,202026.0,2783.0,0.0,58780.0,2844.0,2536.0,0.0,147167.0,5003.0,40.0,106486.0,700.0,27000.0,10000.0,,,18.0,41300.0,,,,,0.0,798.0,,5200.0,7581.0,53.0,1351.0,1.0,138000.0,0.0,743460.0,5.0,2581207.0,100198.0,,3535.0,31836.0,150270.0,12977.0,0.0,2400.0,8344.0,,64910.0,0.0,31100.0,328000.0,70864.0,1082000.0,16000.0,,60000.0,0.0,,13541.0,25754.0,73757.0,10500.0,0.0,0.0,5400.0,0.0,504534.0,0.0,,22500.0,0.0,56163.0,2023.0,26489.0,0.0,,9500.0,30000.0,20177.0,25542.0,19.0,0.0,3454.0
1990-01-01,0.0,0.0,12472.0,281883.0,541000.0,360000.0,57060.0,110624.0,1217412.0,51050.0,,16295.0,256.0,1018836.0,110177.0,0.0,55156.0,0.0,45000.0,419438.0,11614.0,0.0,0.0,0.0,25500.0,4500.0,380.0,52137.0,0.0,0.0,11000.0,5100.0,4812.0,144343.0,0.0,6500.0,6092.0,11500.0,13771.0,47569.0,3364.0,0.0,171209.0,23000.0,0.0,5000.0,0.0,26.0,595308.0,0.0,0.0,37445.0,12100.0,9901.0,5100.0,147725.0,34815.0,403871.0,15729.0,0.0,11658.0,0.0,125410.0,260441.0,152060.0,93937.0,,,,8139.0,2108.0,25906.0,22752.0,6253.0,0.0,,0.0,22776.0,5950.0,,45578.0,75757.0,16.0,1200.0,0.0,,60000.0,10407.0,31703.0,8500.0,88479.0,161500.0,3768.0,0.0,59.0,330794.0,9317.0,51287.0,152688.0,0.0,162589.0,1.0,57318.0,19442.0,0.0,24506.0,25964.0,141513.0,386900.0,20686.0,1100.0,,193823.0,2516.0,0.0,84123.0,7993.0,41.0,0.0,169229.0,4510.0,10.0,144760.0,900.0,25000.0,11500.0,,,30.0,24940.0,,,,,0.0,92.0,,20500.0,3657.0,52.0,2000.0,670.0,92300.0,0.0,421859.0,8550.0,2156528.0,106342.0,,2246.0,22290.0,113000.0,11435.0,0.0,10000.0,5973.0,,65101.0,0.0,33000.0,321000.0,74666.0,853000.0,19200.0,,98000.0,0.0,,10546.0,3037.0,56697.0,6100.0,0.0,0.0,8446.0,0.0,450047.0,0.0,,27000.0,0.0,85505.0,2025.0,29185.0,459.0,,8000.0,18000.0,16530.0,23337.0,16531.0,0.0,3216.0
1991-01-01,0.0,0.0,0.0,366361.0,503255.0,83000.0,53723.0,112804.0,1685482.0,32787.0,,19200.0,37.0,920444.0,86686.0,0.0,37568.0,0.0,118000.0,577380.0,8472.0,0.0,0.0,0.0,41000.0,9200.0,0.0,79976.0,0.0,1.0,5072.0,6000.0,4092.0,182210.0,0.0,3800.0,3881.0,22368.0,7294.0,67031.0,3524.0,4100.0,151306.0,22000.0,0.0,2700.0,0.0,0.0,357573.0,0.0,0.0,30408.0,19098.0,5100.0,35000.0,207345.0,13189.0,137231.0,13920.0,0.0,14300.0,2372.0,87260.0,206087.0,8000.0,174610.0,,,,5388.0,3635.0,5102.0,44741.0,4585.0,3860000.0,,0.0,45000.0,4429.0,,43644.0,28206.0,2.0,3000.0,0.0,,36600.0,11720.0,35064.0,10500.0,80071.0,454140.0,3348.0,0.0,60.0,549990.0,8484.0,46193.0,85117.0,0.0,140484.0,180.0,72595.0,11261.0,0.0,12833.0,19306.0,69487.0,22151.0,9116.0,3367.0,,170044.0,2600.0,0.0,69619.0,7000.0,62.0,0.0,158265.0,9557.0,6.0,129409.0,2700.0,25500.0,2153.0,,,30.0,26946.0,,,,,0.0,1250.0,,26000.0,1526.0,2601.0,2284.0,37.0,90000.0,0.0,254531.0,21676.0,1459542.0,71735.0,,2316.0,22147.0,133840.0,11631.0,0.0,9074.0,13031.0,,64339.0,0.0,36300.0,262500.0,61488.0,620000.0,46842.0,,95000.0,0.0,,13008.0,4181.0,35828.0,2678.0,46.0,0.0,8000.0,0.0,296405.0,0.0,,28500.0,0.0,79854.0,1972.0,32270.0,3425.0,,7800.0,7800.0,20918.0,21210.0,4341.0,0.0,2242.0
1992-01-01,60000.0,52.0,269825.0,403853.0,394250.0,185000.0,36619.0,133066.0,1650904.0,33015.0,33345.0,27865.0,739.0,1176966.0,78905.0,160000.0,23816.0,0.0,17000.0,543690.0,12551.0,12026.0,0.0,0.0,42000.0,5600.0,1200.0,67000.0,27484.0,1.0,4471.0,5381.0,447.0,162168.0,0.0,5100.0,8597.0,9158.0,12712.0,163539.0,2992.0,0.0,320885.0,17000.0,82000.0,4100.0,0.0,4217.0,364807.0,4376.0,0.0,26447.0,22000.0,2100.0,45000.0,182107.0,37765.0,338393.0,15020.0,1100.0,11000.0,5869.0,168280.0,271826.0,66937.0,231438.0,,,,7599.0,2053.0,26000.0,157798.0,3000.0,2563317.0,,9.0,37255.0,4757.0,,34183.0,29944.0,3.0,2700.0,8366.0,,13000.0,10558.0,38126.0,25000.0,69412.0,345708.0,5700.0,75000.0,60.0,617553.0,9868.0,49719.0,10555.0,145000.0,159493.0,3600.0,91352.0,25783.0,0.0,19538.0,29285.0,90763.0,9016.0,11552.0,2506.0,,311583.0,2681.0,158000.0,200107.0,7000.0,30402.0,634000.0,169381.0,5269.0,0.0,210000.0,1300.0,24000.0,7800.0,,,45.0,582.0,,,,,0.0,978.0,,76000.0,17000.0,3235.0,2048.0,0.0,117000.0,0.0,320401.0,85593.0,1503726.0,140599.0,,3900.0,17822.0,110474.0,13012.0,82000.0,17220.0,32265.0,,52739.0,2.0,41800.0,342000.0,45049.0,710000.0,32606.0,,145000.0,4788.0,,9877.0,8348.0,40363.0,4800.0,0.0,102000.0,8700.0,0.0,271069.0,0.0,550.0,24870.0,2.0,69857.0,3000.0,41861.0,2458.0,,8700.0,1800.0,21234.0,28107.0,209.0,668.0,2393.0
1993-01-01,59000.0,39.0,40208.0,442005.0,333000.0,58000.0,46231.0,144574.0,1135981.0,31138.0,0.0,27015.0,4235.0,1142680.0,109825.0,100000.0,63666.0,0.0,57000.0,673929.0,28172.0,185.0,0.0,0.0,55000.0,5200.0,0.0,93500.0,20000.0,0.0,9002.0,6661.0,0.0,184522.0,3.0,3500.0,6171.0,14336.0,16379.0,232807.0,2597.0,3500.0,351514.0,15400.0,50000.0,6500.0,0.0,1209.0,388408.0,8419.0,0.0,40335.0,14038.0,1800.0,166763.0,155461.0,27305.0,474508.0,17037.0,17284.0,15000.0,10243.0,180940.0,297757.0,104227.0,208966.0,,,17459.0,8119.0,1454.0,23806.0,205115.0,2436.0,907000.0,,0.0,32225.0,5114.0,,7967.0,30791.0,60.0,2700.0,21287.0,15970.0,32000.0,11570.0,31564.0,4900.0,145202.0,417581.0,5000.0,65000.0,24.0,831335.0,12073.0,51271.0,11390.0,115000.0,173639.0,1250.0,110877.0,6713.0,0.0,19682.0,23555.0,90057.0,178893.0,18173.0,2600.0,,364532.0,2670.0,221000.0,226664.0,6700.0,9623.0,431000.0,179432.0,7600.0,0.0,169000.0,570.0,28500.0,5900.0,,,55.0,4512.0,,,,,0.0,1257.0,,95000.0,17047.0,3911.0,2209.0,0.0,120000.0,0.0,353645.0,77297.0,834076.0,132807.0,,3496.0,19760.0,115085.0,8045.0,67000.0,935.0,52872.0,,71196.0,0.0,38100.0,187500.0,45647.0,500000.0,31000.0,,0.0,1154.0,,11444.0,16008.0,83651.0,2300.0,0.0,108000.0,8328.0,0.0,319412.0,0.0,180.0,37500.0,0.0,58376.0,1912.0,39306.0,42.0,,7300.0,250.0,32983.0,17132.0,6379.0,598.0,2333.0
1994-01-01,52000.0,76.0,123.0,579681.0,319537.0,70000.0,62156.0,173346.0,965585.0,32692.0,150.0,10134.0,3925.0,1355671.0,74203.0,27488.0,45317.0,630.0,26000.0,783446.0,17011.0,2281.0,,0.0,32000.0,4900.0,0.0,48000.0,575.0,0.0,7702.0,9771.0,3400.0,214267.0,1.0,2000.0,6053.0,13000.0,20103.0,189255.0,4320.0,0.0,162177.0,16300.0,6183.0,8911.0,0.0,57.0,455802.0,16463.0,0.0,42752.0,14866.0,8.0,100100.0,110928.0,51722.0,238732.0,19810.0,3812.0,18000.0,873.0,212920.0,368859.0,35620.0,200616.0,,,25900.0,5669.0,1435.0,13088.0,53.0,3500.0,210498.0,,0.0,42385.0,6700.0,,336.0,39000.0,140.0,1500.0,16591.0,12402.0,14000.0,9891.0,38616.0,1000.0,72944.0,405481.0,4700.0,60000.0,0.0,861000.0,10463.0,47127.0,0.0,44000.0,217341.0,6800.0,134507.0,5581.0,0.0,16067.0,32554.0,100066.0,75945.0,33002.0,2625.0,,245054.0,3325.0,59000.0,300536.0,12445.0,9991.0,384673.0,187709.0,2100.0,0.0,134868.0,570.0,20000.0,4000.0,,,71.0,66.0,,,,,0.0,1126.0,,5600.0,10199.0,2562.0,2047.0,0.0,123000.0,1.0,635884.0,109091.0,960577.0,134802.0,,1341.0,30047.0,119608.0,13220.0,28277.0,2772.0,35163.0,,80755.0,1.0,35000.0,36000.0,47169.0,763795.0,36980.0,,0.0,614.0,,14794.0,13264.0,100383.0,2700.0,800.0,3200.0,7669.0,0.0,255292.0,,4000.0,34855.0,1.0,78912.0,2000.0,55833.0,3766.0,,8000.0,0.0,37903.0,20115.0,6213.0,169.0,2518.0
1995-01-01,44728.0,44.0,3221.0,803409.0,590000.0,76000.0,71225.0,145491.0,1131548.0,58637.0,111.0,16989.0,18283.0,1347809.0,56907.0,12448.0,46495.0,2250.0,11000.0,467083.0,34506.0,4819.0,,0.0,70000.0,9300.0,9700.0,92677.0,5660.0,0.0,12438.0,12600.0,2690.0,239268.0,0.0,6200.0,9368.0,13000.0,22010.0,227071.0,3374.0,0.0,468225.0,28000.0,5008.0,13400.0,0.0,675.0,492958.0,10566.0,0.0,41800.0,17663.0,3040.0,90200.0,216034.0,22749.0,420814.0,19841.0,521.0,16000.0,5937.0,285530.0,409586.0,125200.0,214104.0,,,10500.0,10708.0,1217.0,29566.0,1042.0,558.0,211085.0,,0.0,42929.0,5900.0,,307.0,53906.0,570.0,2500.0,13672.0,196.0,21000.0,15099.0,30783.0,3000.0,155705.0,581231.0,3600.0,45000.0,0.0,1030617.0,12082.0,70724.0,0.0,31031.0,226677.0,17025.0,136177.0,12287.0,0.0,27318.0,41806.0,301321.0,243678.0,57826.0,635.0,,200108.0,3223.0,28000.0,250749.0,16605.0,145.0,225330.0,193776.0,25000.0,0.0,151000.0,600.0,38000.0,5345.0,,,100.0,196.0,,,,,0.0,1424.0,5424.0,3700.0,7142.0,4068.0,2413.0,45.0,181000.0,4.0,729153.0,123565.0,2026390.0,192801.0,0.0,1767.0,34430.0,132722.0,13751.0,10220.0,4362.0,19696.0,,82577.0,1.0,48000.0,38807.0,71331.0,875680.0,31319.0,,0.0,1397.0,,17617.0,27692.0,63496.0,8900.0,1700.0,182500.0,9889.0,13.0,255749.0,,7900.0,28000.0,1.0,152801.0,1501.0,48439.0,6057.0,10682.0,11000.0,1900.0,24317.0,17885.0,689.0,1180.0,3006.0
1996-01-01,27820.0,462.0,113053.0,1050364.0,430000.0,48000.0,53734.0,189680.0,1394796.0,52878.0,920.0,13871.0,16788.0,1562106.0,70000.0,22304.0,111663.0,2566.0,24000.0,723825.0,64085.0,25030.0,,0.0,79000.0,8800.0,13600.0,83000.0,7379.0,0.0,14376.0,8600.0,5000.0,269444.0,1.0,3252.0,11548.0,15000.0,33519.0,427170.0,4787.0,4.0,474645.0,28500.0,7188.0,6900.0,0.0,156.0,562992.0,10914.0,0.0,45183.0,26336.0,2724.0,118500.0,168153.0,49787.0,455722.0,24627.0,339.0,10321.0,18760.0,276350.0,430309.0,452954.0,238228.0,,,26000.0,5800.0,2492.0,68486.0,8.0,0.0,388227.0,,1.0,60233.0,6050.0,,160.0,52750.0,647.0,4200.0,12823.0,3073.0,26900.0,17760.0,28291.0,1400.0,192016.0,430764.0,7153.0,15500.0,0.0,1291330.0,14411.0,58096.0,0.0,30000.0,245751.0,25610.0,171524.0,12656.0,0.0,24275.0,30595.0,184408.0,485099.0,70457.0,1425.0,,155382.0,4989.0,3550.0,255890.0,25472.0,8369.0,340000.0,201052.0,15000.0,0.0,153358.0,1500.0,41000.0,15300.0,,,120.0,66151.0,,,,,0.0,0.0,4578.0,49625.0,3619.0,16222.0,2321.0,0.0,150000.0,0.0,495214.0,177555.0,1890396.0,230027.0,17.0,3400.0,51259.0,156148.0,25187.0,28643.0,1322.0,25182.0,,80107.0,0.0,51000.0,145458.0,85968.0,1232024.0,42398.0,,0.0,3233.0,,17000.0,47613.0,92963.0,8600.0,0.0,177000.0,10825.0,0.0,276476.0,,17000.0,52869.0,0.0,142302.0,3398.0,84794.0,140.0,12000.0,11000.0,3000.0,31151.0,9655.0,2645.0,2129.0,2910.0
1997-01-01,50366.0,311.0,267025.0,776521.0,1107780.0,374000.0,49509.0,184368.0,1336575.0,51607.0,1148.0,29563.0,17841.0,1363393.0,105990.0,25578.0,71476.0,2200.0,6500.0,593850.0,34373.0,4559.0,3.0,0.0,71272.0,6900.0,11400.0,88000.0,5593.0,1.0,3429.0,17537.0,1793.0,388060.0,1.0,4002.0,9165.0,20600.0,17970.0,322975.0,4156.0,5716.0,366082.0,25000.0,1623.0,18108.0,0.0,0.0,383902.0,27000.0,0.0,52374.0,14534.0,108.0,158500.0,202951.0,35839.0,492106.0,19280.0,32289.0,25000.0,2641.0,245320.0,422677.0,127401.0,219294.0,,,29000.0,13000.0,2802.0,36292.0,1494.0,327.0,343261.0,,1.0,38396.0,7515.0,,15.0,38477.0,23.0,4900.0,29970.0,2561.0,17300.0,22522.0,27961.0,600.0,74859.0,509846.0,7635.0,32000.0,11977.0,974490.0,6810.0,51986.0,0.0,26000.0,203143.0,25301.0,122906.0,14592.0,0.0,29143.0,37710.0,205254.0,457344.0,94000.0,8086.0,,222716.0,3417.0,539.0,376238.0,14552.0,1895.0,80520.0,181042.0,38787.0,0.0,67995.0,2500.0,28000.0,5217.0,,,40.0,63156.0,,,,,1231.0,0.0,6457.0,15145.0,12227.0,13219.0,2762.0,0.0,120624.0,220.0,730842.0,55705.0,368285.0,188466.0,0.0,12500.0,38404.0,158536.0,18041.0,19000.0,1799.0,20388.0,13.0,100173.0,0.0,56000.0,130652.0,88296.0,821048.0,33377.0,,0.0,7123.0,,14000.0,24067.0,89586.0,8000.0,850.0,130000.0,8806.0,0.0,156745.0,,22000.0,36676.0,0.0,139981.0,2193.0,54775.0,51.0,6831.0,10000.0,1900.0,44107.0,4905.0,819.0,25186.0,2912.0
1998-01-01,40100.0,331.0,279595.0,630422.0,530028.0,469000.0,59745.0,187532.0,1213907.0,59982.0,204.0,28500.0,23871.0,1093655.0,126690.0,8584.0,91094.0,5700.0,26600.0,662737.0,38816.0,301.0,0.0,0.0,64147.0,7000.0,7400.0,54000.0,1170.0,0.0,15603.0,11000.0,5442.0,187332.0,1.0,7372.0,6367.0,107000.0,18320.0,339441.0,4400.0,7351.0,388463.0,46000.0,9000.0,14235.0,0.0,703.0,400268.0,5200.0,0.0,27752.0,24000.0,1193.0,211200.0,143353.0,24142.0,354132.0,20263.0,7203.0,22000.0,14422.0,199590.0,286922.0,78268.0,241379.0,,,28400.0,15000.0,780.0,20919.0,4001.0,22.0,123390.0,,2.0,32165.0,7582.0,,13.0,47152.0,19.0,7100.0,17678.0,6625.0,5000.0,10000.0,21883.0,18960.0,78178.0,522016.0,5350.0,44000.0,2983.0,813919.0,14714.0,41709.0,0.0,11000.0,186824.0,55943.0,119958.0,11588.0,0.0,20189.0,28093.0,216687.0,232102.0,135000.0,12981.0,,236614.0,4800.0,95.0,297904.0,12481.0,408.0,41800.0,182076.0,29200.0,0.0,99805.0,2800.0,16600.0,11000.0,,,37.0,142.0,,,,,2500.0,0.0,7255.0,10634.0,31290.0,10842.0,2249.0,0.0,117464.0,0.0,689309.0,65803.0,278570.0,178045.0,0.0,13500.0,40399.0,178590.0,10744.0,66200.0,2204.0,40817.0,0.0,70063.0,0.0,32000.0,72902.0,88360.0,816170.0,36665.0,,0.0,3092.0,,12000.0,36946.0,80433.0,7000.0,4700.0,135000.0,10379.0,0.0,153589.0,,37000.0,55005.0,0.0,124457.0,3700.0,74300.0,35.0,3384.0,8200.0,8000.0,24153.0,3859.0,305.0,6162.0,2354.0
1999-01-01,37686.0,385.0,180046.0,404381.0,801301.0,400000.0,82511.0,184627.0,932883.0,41130.0,417.0,18344.0,23440.0,1074137.0,56048.0,15502.0,82584.0,5000.0,90700.0,533237.0,25286.0,25.0,0.0,0.0,53549.0,8000.0,6300.0,37000.0,153.0,2.0,6840.0,6700.0,2960.0,215359.0,1.0,4883.0,7649.0,17000.0,19508.0,360039.0,3320.0,3706.0,389458.0,15000.0,311.0,8918.0,0.0,4377.0,430486.0,4772.0,0.0,35911.0,16500.0,11.0,220000.0,361284.0,47647.0,418137.0,16377.0,3735.0,24000.0,5600.0,179571.0,402842.0,26278.0,218935.0,,,8500.0,10000.0,2859.0,6312.0,916.0,27.0,320328.0,,1.0,41852.0,5000.0,,3500.0,39196.0,25.0,5000.0,32500.0,1469.0,20000.0,11690.0,21410.0,20000.0,57245.0,476466.0,6100.0,32797.0,11051.0,832136.0,18693.0,48804.0,0.0,3252.0,173312.0,28777.0,119680.0,12644.0,0.0,15720.0,46638.0,133097.0,185897.0,180000.0,13710.0,,207928.0,3700.0,220.0,290425.0,10107.0,364.0,60500.0,178863.0,52357.0,0.0,84000.0,3100.0,14800.0,10958.0,,,30.0,1400.0,,,,,1000.0,13.0,16620.0,12212.0,43293.0,2919.0,1746.0,0.0,112043.0,0.0,662202.0,87528.0,85654.0,151342.0,0.0,9700.0,35055.0,123451.0,12503.0,68185.0,2012.0,44618.0,0.0,78467.0,0.0,37000.0,112578.0,66580.0,605810.0,34000.0,,0.0,2665.0,,12000.0,33742.0,54166.0,1600.0,14000.0,114000.0,7491.0,0.0,168549.0,,18100.0,53114.0,0.0,96787.0,3800.0,55607.0,163.0,5963.0,8600.0,11500.0,34690.0,2676.0,174.0,832.0,1578.0
2000-01-01,53695.0,46.0,640.0,502406.0,860046.0,836600.0,59422.0,191082.0,979872.0,38600.0,308.0,38100.0,11478.0,1029642.0,92553.0,33272.0,125500.0,6100.0,91000.0,470386.0,37582.0,730.0,10.0,0.0,54666.0,2093.0,9400.0,57744.0,214.0,23.0,5833.0,8153.0,3400.0,187080.0,1.0,5055.0,8416.0,9800.0,18914.0,333804.0,3050.0,17228.0,516601.0,19800.0,899.0,5337.0,0.0,900.0,293484.0,15637.0,0.0,30467.0,10349.0,4.0,251845.0,238087.0,25380.0,144207.0,17040.0,952.0,21750.0,12329.0,170852.0,390987.0,85285.0,168899.0,,,16600.0,7641.0,1270.0,16058.0,23488.0,0.0,277731.0,,1.0,35778.0,4600.0,,3128.0,29868.0,30.0,2620.0,2133.0,2133.0,56500.0,11035.0,21172.0,21000.0,86107.0,315372.0,7900.0,36332.0,4332.0,981191.0,11738.0,48662.0,2832.0,315.0,193560.0,56523.0,105990.0,10536.0,0.0,19525.0,36643.0,160794.0,126143.0,229400.0,20812.0,,192267.0,3643.0,110000.0,244768.0,8679.0,839.0,75931.0,175993.0,77846.0,0.0,120000.0,1900.0,15500.0,10891.0,440184.0,6630.0,60.0,4500.0,,,,,2000.0,0.0,24610.0,17626.0,45000.0,3509.0,2543.0,0.0,118373.0,0.0,803913.0,68589.0,147368.0,130304.0,0.0,9300.0,40549.0,112187.0,15444.0,98900.0,1641.0,31322.0,0.0,73996.0,0.0,36300.0,120000.0,65095.0,713210.0,41218.0,,0.0,7608.0,,18386.0,24055.0,70129.0,3100.0,520.0,116500.0,7590.0,0.0,167411.0,,57200.0,40469.0,0.0,80367.0,3700.0,44491.0,43.0,11062.0,8900.0,15600.0,25729.0,3067.0,71.0,170.0,2257.0
2001-01-01,42391.0,9.0,187.0,399522.0,876770.0,750000.0,48876.0,170648.0,1060655.0,46284.0,518.0,27293.0,18997.0,1037338.0,91793.0,6674.0,99876.0,121.0,75000.0,529731.0,28713.0,59.0,19.0,0.0,52396.0,2077.0,2500.0,40430.0,90.0,0.0,5018.0,8408.0,3408.0,206149.0,2.0,11969.0,5940.0,14056.0,14479.0,423455.0,4537.0,20584.0,547577.0,17100.0,1544.0,1735.0,0.0,600.0,366023.0,5012.0,0.0,42064.0,16919.0,1227.0,285000.0,208400.0,34194.0,26725.0,15776.0,307.0,19555.0,6666.0,201894.0,427483.0,45328.0,205064.0,,,25000.0,8629.0,200.0,4823.0,37677.0,0.0,102348.0,,0.0,30742.0,6500.0,,324.0,42759.0,19.0,4664.0,14271.0,22893.0,57000.0,3763.0,26539.0,2164.0,31521.0,474203.0,6870.0,30156.0,3903.0,872341.0,12519.0,47994.0,2131.0,1700.0,197907.0,67273.0,135415.0,23227.0,0.0,16238.0,50504.0,198409.0,49621.0,260000.0,10770.0,,209281.0,4800.0,25370.0,300060.0,4152.0,4659.0,51800.0,200122.0,101119.0,0.0,130000.0,1200.0,22000.0,12920.0,380745.0,7348.0,35.0,3347.0,,,,,9464.0,346.0,16568.0,21826.0,56591.0,13414.0,3013.0,0.0,105496.0,0.0,722734.0,36631.0,121355.0,181266.0,0.0,7848.0,36650.0,119155.0,12351.0,69411.0,2381.0,34184.0,0.0,82866.0,0.0,42500.0,44900.0,82050.0,666668.0,35960.0,,0.0,4011.0,,16003.0,11271.0,80844.0,2400.0,550.0,65000.0,12614.0,2.0,129082.0,0.0,63300.0,48776.0,0.0,91924.0,2900.0,70840.0,74.0,10681.0,7500.0,17550.0,34714.0,2164.0,0.0,1206.0,3298.0
2002-01-01,42921.0,58.0,6000.0,625000.0,499280.0,357036.0,41724.0,191357.0,1056158.0,53782.0,279.0,17000.0,32803.0,1120851.0,86400.0,11749.0,63174.0,1635.0,46000.0,542682.0,30594.0,84.0,0.0,0.0,48052.0,13895.0,4700.0,75340.0,7755.0,0.0,4350.0,9914.0,11518.0,201902.0,2.0,5316.0,8875.0,23000.0,23812.0,485076.0,4223.0,20551.0,529051.0,24266.0,30.0,4582.0,0.0,1700.0,453627.0,16938.0,0.0,52678.0,21300.0,1224.0,251784.0,169721.0,42986.0,51146.0,14728.0,1659.0,16500.0,169.0,194288.0,486728.0,27638.0,204925.0,,,20000.0,7303.0,400.0,4800.0,11660.0,151.0,24157.0,,0.0,39934.0,5584.0,,547.0,44098.0,25.0,7570.0,7968.0,203.0,40000.0,8874.0,22825.0,1650.0,88432.0,723908.0,2818.0,23300.0,11664.0,878167.0,19504.0,55522.0,5670.0,4900.0,196863.0,58411.0,151644.0,29081.0,0.0,14509.0,42282.0,264683.0,148010.0,114086.0,34747.0,,209725.0,3461.0,423.0,266209.0,3319.0,35060.0,22300.0,205798.0,100000.0,2.0,234550.0,1418.0,14541.0,20882.0,429262.0,5817.0,30.0,2914.0,,,,,4078.0,104.0,16001.0,27337.0,55511.0,4237.0,3358.0,0.0,139347.0,0.0,946474.0,44220.0,102673.0,199664.0,0.0,13394.0,36702.0,67319.0,11360.0,68612.0,3077.0,52353.0,0.0,96225.0,0.0,54266.0,49328.0,66397.0,815563.0,40968.0,,0.0,8765.0,,21090.0,22095.0,72881.0,3777.0,38664.0,80000.0,11617.0,0.0,185755.0,0.0,43421.0,52087.0,0.0,158431.0,1463.0,83037.0,83.0,12315.0,9100.0,31571.0,27565.0,1903.0,121.0,1002.0,3696.0
2003-01-01,42641.0,33563.0,5300.0,579925.0,168466.0,253258.0,77510.0,172542.0,1202551.0,52035.0,626.0,26700.0,22624.0,1090659.0,65544.0,7460.0,78933.0,2583.0,43000.0,610277.0,44582.0,99.0,162.0,0.0,65217.0,7626.0,6000.0,37015.0,4566.0,2.0,6300.0,3536.0,4.0,171927.0,2.0,8117.0,8708.0,18094.0,27061.0,565831.0,4474.0,11200.0,384109.0,60295.0,23737.0,6820.0,0.0,2497.0,390719.0,14564.0,0.0,48227.0,22908.0,837.0,360000.0,320000.0,45307.0,29425.0,21990.0,1150.0,23218.0,969.0,210224.0,468097.0,17796.0,215947.0,,,48400.0,8773.0,150.0,5225.0,277949.0,4.0,69375.0,,1.0,48900.0,4212.0,,684.0,52728.0,28.0,6500.0,12039.0,2566.0,27000.0,742.0,30251.0,570.0,112448.0,596794.0,466.0,12401.0,6336.0,1009719.0,8510.0,72087.0,22930.0,1500.0,225087.0,76707.0,151959.0,25630.0,2.0,16178.0,41524.0,221463.0,276233.0,98770.0,54671.0,,191379.0,3500.0,467412.0,143992.0,2634.0,39641.0,1270.0,204527.0,125734.0,0.0,244680.0,1170.0,26000.0,23731.0,533093.0,7555.0,34.0,13335.0,,,,,6865.0,278.0,11217.0,35522.0,61247.0,6131.0,4800.0,0.0,148194.0,0.0,878324.0,80964.0,76567.0,201773.0,0.0,16140.0,42326.0,78011.0,18384.0,108940.0,2574.0,59863.0,0.0,135257.0,0.0,52268.0,38173.0,77020.0,606533.0,48763.0,,0.0,8478.0,,24147.0,9814.0,46162.0,10833.0,9726.0,85000.0,7195.0,2.0,245157.0,0.0,26158.0,50382.0,0.0,183073.0,2762.0,82824.0,16.0,23032.0,7554.0,29301.0,27186.0,2170.0,1355.0,1148.0,5298.0
2004-01-01,62511.0,39.0,16000.0,841000.0,33878.0,439558.0,68295.0,231963.0,1269318.0,64248.0,824.0,29044.0,24354.0,1275244.0,150000.0,11080.0,85378.0,2736.0,62300.0,660409.0,54960.0,10148.0,10.0,0.0,87200.0,6450.0,7300.0,103503.0,8249.0,0.0,5209.0,8289.0,2987.0,287256.0,2.0,5308.0,3658.0,25349.0,20580.0,617765.0,5071.0,31798.0,557521.0,91060.0,4866.0,10836.0,0.0,3676.0,562434.0,25351.0,0.0,68155.0,22825.0,3006.0,475983.0,310784.0,42555.0,23264.0,19205.0,3606.0,16000.0,7.0,257373.0,382426.0,46865.0,256981.0,,,57000.0,8102.0,1357.0,71299.0,167273.0,168.0,210735.0,,0.0,32975.0,4209.0,,1115.0,78595.0,22.0,4100.0,19871.0,1927.0,21000.0,1400.0,31911.0,400.0,197432.0,748754.0,614.0,12000.0,8795.0,838770.0,8068.0,71692.0,19865.0,1.0,233068.0,126023.0,202953.0,16922.0,0.0,19081.0,50076.0,193662.0,221868.0,173899.0,81750.0,,170830.0,3797.0,110106.0,167248.0,1674.0,13871.0,2800.0,238136.0,162761.0,42.0,299940.0,1165.0,46057.0,24650.0,555239.0,9344.0,10.0,28607.0,,,,,14309.0,1786.0,30461.0,55750.0,68789.0,2981.0,4900.0,14.0,177720.0,25.0,1026463.0,44769.0,1640418.0,236949.0,0.0,17600.0,42705.0,86793.0,24143.0,186000.0,410.0,49545.0,0.0,117493.0,0.0,60941.0,63681.0,84225.0,727651.0,55124.0,,0.0,6842.0,,26817.0,13192.0,48942.0,13534.0,5576.0,163600.0,18297.0,0.0,190444.0,1.0,59775.0,41000.0,0.0,168313.0,1793.0,87400.0,133.0,9044.0,8720.0,36618.0,39919.0,1799.0,8476.0,11553.0,5880.0
2005-01-01,47873.0,22.0,6000.0,799003.0,15923.0,460239.0,81879.0,216385.0,1178701.0,54300.0,953.0,35084.0,35597.0,1230331.0,119858.0,21600.0,105353.0,4509.0,20300.0,665696.0,53483.0,15378.0,11.0,4.0,63042.0,4500.0,6500.0,79063.0,1931.0,36.0,7300.0,15957.0,3419.0,296959.0,3.0,18649.0,4103.0,17479.0,30463.0,612760.0,5407.0,15788.0,468295.0,64000.0,171.0,10735.0,0.0,535.0,461270.0,14473.0,0.0,71668.0,25773.0,7600.0,654336.0,227968.0,29832.0,288986.0,24666.0,2703.0,29396.0,1.0,253679.0,377228.0,31946.0,278503.0,,,39900.0,11941.0,486.0,6170.0,23532.0,600.0,67741.0,,0.0,32619.0,3854.0,,760.0,68241.0,30.0,2500.0,15488.0,7536.0,37000.0,1350.0,34068.0,515.0,181989.0,1156108.0,549.0,28000.0,10523.0,649019.0,10377.0,47451.0,25504.0,0.0,273909.0,88763.0,237031.0,21146.0,0.0,24284.0,25708.0,177296.0,25031.0,197906.0,105000.0,,245072.0,5623.0,1243.0,178756.0,431.0,4360.0,7654.0,274712.0,200584.0,0.0,283350.0,2165.0,31811.0,22747.0,522071.0,8003.0,3.0,1465.0,,,,,25566.0,488.0,22677.0,46713.0,72958.0,3287.0,3203.0,14.0,157207.0,1419.0,1031355.0,36733.0,762135.0,235854.0,0.0,14107.0,30040.0,123725.0,30475.0,130100.0,360.0,58013.0,0.0,137145.0,0.0,77568.0,31437.0,94009.0,924381.0,46352.0,,0.0,1700.0,,27790.0,4659.0,35955.0,3940.0,25389.0,109100.0,17069.0,30.0,221621.0,0.0,67207.0,100337.0,0.0,151525.0,3763.0,95268.0,71.0,9922.0,10659.0,34966.0,37603.0,2140.0,4240.0,8619.0,5619.0
2006-01-01,52300.0,10.0,1291789.0,816121.0,180930.0,554931.0,83073.0,224488.0,1350885.0,65054.0,2207.0,35000.0,43760.0,1280703.0,79816.0,28300.0,111225.0,5590.0,2700.0,656060.0,61725.0,3041.0,3.0,0.0,59325.0,9000.0,8570.0,82771.0,14650.0,1.0,12300.0,3305.0,16052.0,279084.0,4.0,26802.0,3698.0,40683.0,27438.0,691113.0,5409.0,20575.0,351208.0,92000.0,770.0,10334.0,0.0,3428.0,647710.0,4563.0,0.0,70871.0,31324.0,2866.0,653471.0,319578.0,44800.0,131784.0,21151.0,7648.0,27724.0,156.0,265308.0,541373.0,102619.0,258921.0,,,16000.0,5243.0,38.0,28701.0,12896.0,2300.0,156444.0,,1.0,21091.0,4440.0,,1013.0,78594.0,107.0,3624.0,23278.0,13458.0,31000.0,3000.0,31720.0,290.0,150715.0,836394.0,834.0,29400.0,6390.0,1132517.0,15828.0,61706.0,23324.0,334.0,225145.0,121182.0,217222.0,16675.0,0.0,30838.0,41854.0,215433.0,52624.0,165809.0,122200.0,,243535.0,4116.0,856.0,330033.0,6100.0,299.0,15082.0,380235.0,226270.0,0.0,417510.0,3145.0,96000.0,26900.0,575956.0,8492.0,0.0,1217.0,10.0,3687.0,,,17224.0,1149.0,31081.0,51758.0,91234.0,4373.0,5196.0,14.0,231171.0,6050.0,997024.0,176779.0,107753.0,270693.0,0.0,13231.0,62785.0,106463.0,29361.0,156150.0,4904.0,47110.0,0.0,139311.0,0.0,84794.0,39955.0,117420.0,1368343.0,49494.0,,0.0,867.0,,28861.0,5422.0,38133.0,20.0,17534.0,137050.0,18581.0,15.0,277919.0,0.0,56824.0,66762.0,0.0,210098.0,3531.0,88917.0,26.0,17300.0,8373.0,40711.0,39439.0,1533.0,3489.0,646.0,6675.0
2007-01-01,95000.0,21.0,961342.0,1181313.0,43827.0,692700.0,114285.0,330093.0,1822396.0,90212.0,539.0,41868.0,74353.0,1632245.0,223492.0,82000.0,171040.0,7380.0,9800.0,828237.0,48114.0,4591.0,1.0,0.0,114722.0,11000.0,6170.0,248417.0,10367.0,1.0,34400.0,1496.0,30000.0,368532.0,7.0,22639.0,12919.0,89267.0,50814.0,856164.0,7054.0,21194.0,1125687.0,93000.0,3654.0,15055.0,0.0,46.0,1133135.0,16576.0,0.0,93419.0,34624.0,6800.0,809108.0,480977.0,77974.0,41441.0,35213.0,11674.0,33660.0,2703.0,411837.0,436865.0,268025.0,331219.0,,,21850.0,32751.0,2210.0,25000.0,149095.0,2800.0,73467.0,0.0,0.0,20428.0,6608.0,,658.0,133974.0,78.0,3788.0,38169.0,18151.0,66000.0,22136.0,49773.0,5100.0,260662.0,940432.0,1107.0,32000.0,11380.0,1391955.0,18775.0,104058.0,7953.0,45118.0,382617.0,233496.0,258246.0,21739.0,1.0,43088.0,103859.0,575062.0,570391.0,213330.0,117400.0,,413421.0,4410.0,1295.0,517843.0,16500.0,12681.0,27152.0,431732.0,343153.0,0.0,672232.0,3804.0,78912.0,7617.0,938025.0,16615.0,0.0,15508.0,255.0,3961.0,,,24109.0,2456.0,36000.0,80498.0,73233.0,6811.0,7500.0,14.0,262161.0,3000.0,1394315.0,286535.0,20650.0,368027.0,0.0,13784.0,60280.0,164256.0,28985.0,304000.0,5767.0,73720.0,0.0,207579.0,0.0,115994.0,49340.0,134352.0,2160350.0,60123.0,,0.0,2490.0,,67291.0,5191.0,99940.0,1.0,2328.0,191214.0,24829.0,0.0,592575.0,0.0,100204.0,120200.0,0.0,357695.0,5132.0,138882.0,38.0,10858.0,17091.0,45516.0,41990.0,1955.0,23845.0,305.0,11065.0
2008-01-01,88654.0,125.0,3.0,1975481.0,1425820.0,1242862.0,114585.0,547398.0,2277538.0,106479.0,5115.0,78227.0,91719.0,3291568.0,381850.0,86332.0,202780.0,3830.0,14344.0,1274364.0,136306.0,48671.0,8.0,0.0,160785.0,11000.0,5250.0,272727.0,33590.0,2.0,46852.0,24298.0,74369.0,459824.0,7.0,19503.0,13751.0,105000.0,51092.0,1246900.0,12713.0,63913.0,1609095.0,87279.0,8018.0,22495.0,0.0,24.0,1389945.0,20139.0,6.0,135532.0,50693.0,1700.0,860000.0,396202.0,120596.0,776750.0,51773.0,13086.0,61708.0,39.0,587765.0,724366.0,354666.0,452489.0,,,18200.0,61374.0,486.0,13204.0,137227.0,3700.0,61782.0,0.0,180.0,27866.0,10088.0,,67080.0,157808.0,199.0,14000.0,41378.0,41756.0,250000.0,21400.0,81953.0,700.0,443136.0,1430391.0,1178.0,28400.0,11500.0,1873593.0,45140.0,170208.0,80183.0,161750.0,471186.0,181972.0,331629.0,20184.0,1.0,53700.0,155737.0,811114.0,1483190.0,297613.0,123000.0,,593735.0,9596.0,1645.0,1099796.0,22968.0,22379.0,69056.0,726482.0,293115.0,97.0,956364.0,4535.0,97514.0,17988.0,1151471.0,19744.0,330.0,7503.0,618.0,8376.0,,,17918.0,1620.0,36000.0,98538.0,190006.0,11424.0,11000.0,0.0,391324.0,5400.0,3174187.0,309528.0,7330.0,531556.0,0.0,4348.0,116295.0,272702.0,42620.0,368379.0,8624.0,167819.0,0.0,273118.0,0.0,167917.0,58359.0,216426.0,2461716.0,95510.0,,0.0,9136.0,,59551.0,22589.0,140024.0,2.0,70052.0,112040.0,29317.0,0.0,910089.0,0.0,113967.0,202387.0,0.0,344207.0,12127.0,214609.0,222.0,2024.0,24867.0,81870.0,78201.0,3550.0,6976.0,14924.0,13610.0
2009-01-01,94660.0,50.0,47933.0,1316112.0,1076053.0,796660.0,89726.0,376083.0,1724938.0,129225.0,11231.0,55690.0,94049.0,1445284.0,119036.0,62657.0,179097.0,5166.0,50000.0,949473.0,74804.0,86911.0,0.0,0.0,108886.0,11000.0,8700.0,343727.0,7229.0,4.0,7770.0,17364.0,76800.0,336953.0,6.0,22600.0,5798.0,86216.0,44030.0,727949.0,5361.0,26113.0,681829.0,106472.0,257.0,3334.0,0.0,180.0,1004086.0,10721.0,1.0,83448.0,34431.0,4200.0,926425.0,450000.0,82290.0,1040465.0,34283.0,7119.0,34546.0,214.0,388324.0,825273.0,98279.0,343862.0,,,15093.0,56700.0,1085.0,104000.0,108415.0,11000.0,21738.0,0.0,1.0,17000.0,8498.0,,373141.0,106330.0,199.0,6000.0,22774.0,14474.0,166000.0,29387.0,52118.0,15000.0,279858.0,1306031.0,849.0,71790.0,8794.0,1208681.0,27520.0,137711.0,334331.0,40449.0,367930.0,209314.0,312728.0,30100.0,1.0,36905.0,41459.0,321543.0,901707.0,347568.0,145000.0,,401616.0,5675.0,691.0,723367.0,26000.0,7853.0,30653.0,419151.0,345268.0,0.0,733906.0,3502.0,61590.0,7700.0,803496.0,16671.0,5.0,6600.0,207.0,10200.0,0.0,0.0,36000.0,12700.0,21680.0,56733.0,123415.0,16593.0,5700.0,0.0,268556.0,5000.0,1830346.0,167433.0,204572.0,342318.0,0.0,25850.0,56249.0,189806.0,26536.0,194765.0,3629.0,93286.0,0.0,169018.0,0.0,114037.0,8095.0,139559.0,2200000.0,68357.0,,0.0,4417.0,,38892.0,7967.0,114668.0,2.0,101666.0,104123.0,21752.0,0.0,851975.0,0.0,60867.0,125704.0,0.0,219591.0,1639.0,128990.0,25.0,10898.0,25000.0,59251.0,62810.0,1085.0,9783.0,272.0,8673.0
2010-01-01,85776.0,108.0,55971.0,1424275.0,315924.0,467925.0,64180.0,389853.0,1873013.0,147307.0,519132.0,45271.0,119737.0,1665791.0,185538.0,62315.0,220106.0,2634.0,20000.0,1066839.0,77480.0,66939.0,0.0,0.0,129224.0,11200.0,5400.0,420708.0,24602.0,0.0,0.0,35934.0,121203.0,325610.0,4.0,25013.0,1941.0,82182.0,46619.0,847172.0,4933.0,11425.0,881594.0,136508.0,84.0,7482.0,0.0,351.0,1078614.0,13174.0,1.0,80866.0,35393.0,285.0,1044982.0,812449.0,92654.0,40020.0,39950.0,8502.0,44971.0,204.0,429353.0,448551.0,127791.0,347367.0,,,14132.0,39592.0,648.0,168596.0,149179.0,16016.0,12050.0,0.0,1.0,9030.0,8404.0,,400019.0,127295.0,102.0,3115.0,22483.0,16234.0,41000.0,26426.0,49569.0,0.0,276052.0,1054479.0,4057.0,78000.0,8800.0,1702319.0,40288.0,96025.0,232306.0,70000.0,343314.0,291943.0,446577.0,14410.0,1.0,38386.0,65852.0,477012.0,655044.0,301902.0,129086.0,,309972.0,6864.0,913.0,584382.0,19933.0,6015.0,66500.0,430860.0,569739.0,0.0,659469.0,3894.0,97912.0,1.0,803447.0,16536.0,5.0,9156.0,251.0,2715.0,0.0,0.0,58589.0,1972.0,26400.0,68641.0,123341.0,12316.0,4772.0,0.0,236392.0,5400.0,1182266.0,157110.0,309103.0,365247.0,0.0,24631.0,70788.0,205642.0,28138.0,285385.0,1437.0,105207.0,0.0,188861.0,0.0,142554.0,1656.0,180515.0,2598263.0,63544.0,,0.0,5861.0,,49914.0,5144.0,185899.0,3.0,24229.0,171714.0,23922.0,1.0,896209.0,0.0,81180.0,117282.0,0.0,225669.0,5363.0,130720.0,24.0,8328.0,29058.0,33322.0,49499.0,1622.0,17932.0,755.0,7473.0
2011-01-01,90577.0,905.0,7.0,2193987.0,20385.0,1144839.0,72308.0,497701.0,2612493.0,185458.0,3881.0,73282.0,171429.0,2705620.0,366065.0,66955.0,457146.0,4000.0,36700.0,1482356.0,135704.0,35008.0,7.0,0.0,143872.0,11500.0,5566.0,279404.0,19131.0,3.0,7940.0,37543.0,98000.0,437739.0,7.0,36896.0,10203.0,98557.0,34873.0,1321835.0,8510.0,1894.0,1322600.0,92000.0,146.0,16065.0,0.0,142.0,1163285.0,25367.0,0.0,117608.0,56158.0,4091.0,1475304.0,1082388.0,154578.0,10100.0,51729.0,9641.0,59959.0,117.0,591989.0,955282.0,245250.0,418889.0,,,34158.0,43718.0,4087.0,141511.0,172856.0,33063.0,29338.0,0.0,17.0,24480.0,8730.0,,659339.0,170554.0,74.0,3500.0,51856.0,42215.0,66000.0,21154.0,65691.0,2479.0,599400.0,1336761.0,6999.0,78800.0,8800.0,1832283.0,79827.0,191049.0,154872.0,104712.0,584536.0,404381.0,503702.0,29509.0,1.0,48664.0,88080.0,552859.0,1623089.0,324260.0,158999.0,,363742.0,6899.0,1961.0,661564.0,28629.0,5917.0,104712.0,576294.0,811218.0,0.0,961895.0,6201.0,141492.0,9463.0,1047205.0,29438.0,5.0,9795.0,709.0,9260.0,0.0,0.0,76000.0,2900.0,20088.0,107013.0,178888.0,22004.0,8521.0,0.0,449308.0,4152.0,2848496.0,225997.0,417965.0,539772.0,0.0,49122.0,89781.0,323414.0,35813.0,282015.0,9147.0,121461.0,0.0,257202.0,0.0,218597.0,4748.0,220798.0,3199207.0,89348.0,,0.0,3699.0,,61397.0,4350.0,183444.0,20.0,157909.0,184232.0,34630.0,1.0,1394659.0,1.0,113319.0,150287.0,0.0,324380.0,9668.0,186866.0,37.0,15589.0,23994.0,5505.0,76703.0,1350.0,23030.0,419.0,13127.0
2012-01-01,131784.0,921.0,541.0,2253850.0,1915555.0,821560.0,97411.0,539815.0,2045797.0,218317.0,3162.0,62833.0,151210.0,2156638.0,291734.0,88100.0,203667.0,5832.0,70200.0,1773167.0,107554.0,84246.0,4.0,0.0,165974.0,12000.0,5425.0,523341.0,46158.0,0.0,6272.0,30886.0,92000.0,368042.0,11.0,60105.0,20960.0,141840.0,54326.0,1482070.0,7635.0,0.0,1399073.0,107744.0,451.0,26209.0,0.0,767.0,1076623.0,37446.0,0.0,151900.0,57869.0,19.0,1484512.0,689659.0,147780.0,0.0,47828.0,21161.0,55535.0,547.0,570877.0,974331.0,200837.0,440235.0,,,9728.0,55994.0,1426.0,87519.0,152466.0,33834.0,85857.0,0.0,17.0,25764.0,18515.0,,743087.0,189459.0,55.0,1522.0,34954.0,39376.0,50000.0,7042.0,57898.0,86.0,482395.0,1686649.0,2180.0,177764.0,9000.0,1757056.0,87110.0,146049.0,96128.0,103480.0,497392.0,415434.0,825253.0,28193.0,0.0,45101.0,94162.0,526765.0,1125977.0,625491.0,209940.0,,640059.0,9535.0,1336.0,832759.0,27241.0,4269.0,103480.0,502171.0,769897.0,5.0,1324802.0,4002.0,147942.0,17.0,1221087.0,37915.0,4.0,8468.0,1357.0,9555.0,296782.0,0.0,82863.0,15347.0,17759.0,88874.0,196647.0,33235.0,6308.0,0.0,367364.0,4625.0,2129041.0,282690.0,1101459.0,503582.0,0.0,21885.0,91498.0,270345.0,35801.0,339828.0,14366.0,121244.0,0.0,283968.0,0.0,203416.0,46412.0,203139.0,3689027.0,100379.0,,0.0,4572.0,,60569.0,4622.0,98376.0,7.0,183002.0,239953.0,38662.0,0.0,1080675.0,0.0,101785.0,85556.0,0.0,290451.0,6989.0,182620.0,40.0,4972.0,23042.0,17500.0,65542.0,3561.0,19497.0,575.0,13270.0
2013-01-01,108677.0,1283.0,4781.0,2439987.0,1457454.0,813748.0,72853.0,447794.0,1982065.0,210225.0,652.0,67336.0,168768.0,2279580.0,233472.0,79788.0,350499.0,5301.0,72500.0,1615625.0,173786.0,58692.0,1.0,0.0,190129.0,30950.0,5692.0,618276.0,14856.0,0.0,12377.0,33018.0,96000.0,296978.0,10.0,76627.0,20069.0,107472.0,64451.0,1354472.0,6966.0,67.0,978326.0,244424.0,324.0,33853.0,0.0,16913.0,1107801.0,20198.0,0.0,154827.0,86900.0,30.0,1569014.0,1100035.0,176100.0,118430.0,39589.0,16413.0,57195.0,25289.0,625944.0,868932.0,148217.0,345189.0,,,18894.0,17410.0,1426.0,98749.0,163226.0,0.0,234510.0,0.0,17.0,58102.0,12471.0,,719527.0,191129.0,144.0,0.0,56354.0,10106.0,66426.0,38795.0,62501.0,86.0,418053.0,1040530.0,4099.0,179669.0,11125.0,2414821.0,62339.0,172228.0,506741.0,104000.0,489898.0,311692.0,600165.0,38538.0,0.0,51741.0,148505.0,509202.0,1289235.0,574252.0,157794.0,,1031146.0,8520.0,1932.0,1082865.0,34521.0,16310.0,135015.0,675519.0,672970.0,6.0,1072393.0,5472.0,125000.0,13.0,1132744.0,38639.0,26.0,9378.0,655.0,9060.0,783095.0,0.0,54000.0,20949.0,13880.0,80960.0,174024.0,19660.0,8715.0,0.0,330283.0,4230.0,2120883.0,327288.0,1865854.0,483400.0,0.0,44217.0,79937.0,298819.0,36484.0,395282.0,9227.0,79843.0,0.0,302188.0,0.0,171063.0,13869.0,218784.0,2715936.0,83983.0,,,9341.0,,68931.0,4134.0,113659.0,11.0,223528.0,184337.0,36318.0,5165.0,1199057.0,0.0,74585.0,115947.0,0.0,268237.0,6990.0,162064.0,120.0,1524.0,21351.0,35000.0,89695.0,3593.0,21713.0,6299.0,13232.0
2014-01-01,100830.0,866.0,6574.0,2387262.0,2435093.0,562010.0,52276.0,433476.0,2398483.0,189074.0,2389.0,60585.0,202390.0,1971103.0,281182.0,111428.0,422042.0,7546.0,73000.0,1210254.0,166665.0,65955.0,12.0,156.0,176647.0,33313.0,3692.0,485150.0,30585.0,,15233.0,36353.0,83226.0,409733.0,16.0,49981.0,6374.0,110390.0,48351.0,1334937.0,7337.0,11583.0,1514334.0,189000.0,221.0,37188.0,,34066.0,966957.0,24516.0,,166130.0,28419.0,4077.0,1523900.0,888822.0,152551.0,185077.0,42244.0,11624.0,70330.0,18603.0,609365.0,922529.0,132751.0,353410.0,,1.0,7905.0,26805.0,3602.0,91995.0,154252.0,53908.0,97020.0,0.0,,92338.0,10633.0,0.0,1023886.0,176690.0,116.0,1300.0,36878.0,10156.0,29027.0,41129.0,63954.0,,496528.0,1297478.0,6011.0,200581.0,13931.0,1812451.0,51929.0,150896.0,151341.0,650.0,457177.0,319323.0,474835.0,25988.0,0.0,50204.0,222499.0,530430.0,1545853.0,533314.0,166101.0,,567753.0,6136.0,1932.0,1007958.0,33885.0,1066.0,172902.0,681533.0,648765.0,0.0,1060312.0,6234.0,89916.0,4.0,1020275.0,38592.0,12.0,8500.0,959.0,10286.0,811775.0,64.0,110041.0,19041.0,42609.0,70400.0,192073.0,32200.0,7554.0,,370911.0,4200.0,2372542.0,246529.0,962472.0,562077.0,,38677.0,90156.0,267632.0,30372.0,293943.0,319.0,59519.0,11.0,316037.0,,163502.0,7244.0,262318.0,3157355.0,84942.0,0.0,,1059.0,,61449.0,1844.0,159104.0,6.0,136975.0,151758.0,30756.0,22597.0,1147650.0,0.0,98958.0,137862.0,,231202.0,6113.0,164922.0,29.0,20677.0,24632.0,56539.0,68373.0,2657.0,32022.0,21414.0,10388.0
2015-01-01,70621.0,740.0,135033.0,2082768.0,766080.0,136400.0,29150.0,338876.0,2032143.0,159093.0,12945.0,49440.0,187221.0,1652510.0,210494.0,61538.0,332465.0,8203.0,73000.0,1105863.0,98658.0,47536.0,36.0,,142564.0,4513.0,10573.0,261413.0,13766.0,1.0,8087.0,29057.0,95579.0,373964.0,11.0,63856.0,12793.0,134299.0,43585.0,1027975.0,5586.0,4458.0,876417.0,133000.0,570.0,32403.0,,25775.0,1076971.0,21109.0,2.0,136845.0,44820.0,6116.0,1231038.0,991308.0,88711.0,2409.0,39228.0,10085.0,60345.0,312.0,533938.0,982107.0,91786.0,292916.0,0.0,0.0,13620.0,62399.0,3084.0,100035.0,128109.0,30802.0,74461.0,,,1876.0,11257.0,0.0,725490.0,149818.0,203.0,1342.0,32804.0,9657.0,38244.0,35496.0,51687.0,464.0,266553.0,1148293.0,5142.0,206179.0,8652.0,1216466.0,44662.0,130639.0,109691.0,5.0,399254.0,222026.0,1132385.0,20123.0,,34848.0,141614.0,610709.0,1103420.0,264312.0,122949.0,,390578.0,5388.0,1426.0,728078.0,39074.0,735.0,232253.0,580608.0,600883.0,0.0,811336.0,4961.0,78465.0,19876.0,879938.0,35696.0,12.0,6768.0,671.0,8046.0,267432.0,1.0,101640.0,9612.0,37329.0,55715.0,172322.0,37507.0,4670.0,,330619.0,4200.0,2400320.0,200270.0,886307.0,442440.0,,37065.0,79761.0,220617.0,26321.0,288146.0,3900.0,59149.0,2.0,261824.0,,130863.0,407.0,252379.0,2415467.0,76448.0,2.0,,7563.0,,52009.0,4257.0,179675.0,37.0,142016.0,119352.0,25484.0,12591.0,1002694.0,0.0,76077.0,151693.0,,216281.0,5246.0,171198.0,42.0,54474.0,17895.0,57214.0,58855.0,2886.0,36586.0,14159.0,7784.0
2016-01-01,60120.0,504.0,412573.0,2408210.0,376954.0,46850.0,45054.0,336000.0,1786680.0,145610.0,3594.0,43300.0,169012.0,1361701.0,430936.0,31560.0,302336.0,7270.0,73000.0,1007603.0,124658.0,91094.0,,,105517.0,12777.0,28694.0,256650.0,15500.0,,2829.0,26474.0,58918.0,341410.0,18.0,76320.0,4111.0,85272.0,34110.0,986584.0,5495.0,33324.0,1304339.0,141000.0,447.0,26844.0,,54591.0,852998.0,14701.0,0.0,109118.0,25905.0,4299.0,981343.0,1042401.0,71169.0,5.0,36913.0,9037.0,78990.0,327.0,425910.0,1040762.0,138621.0,283167.0,0.0,,2207.0,58503.0,1592.0,97892.0,366146.0,30257.0,89011.0,0.0,753.0,25403.0,9026.0,,544779.0,133166.0,156.0,1372.0,34893.0,4291.0,44738.0,23654.0,51034.0,7159.0,305367.0,1304373.0,3992.0,185269.0,9523.0,1335389.0,31353.0,132516.0,18187.0,64.0,334212.0,189026.0,971578.0,25275.0,,29347.0,137960.0,486694.0,892409.0,204162.0,127851.0,0.0,324885.0,5102.0,2100.0,491073.0,40504.0,65.0,234381.0,478418.0,1004993.0,,594045.0,4700.0,52889.0,1525.0,844208.0,31202.0,14.0,8084.0,490.0,5122.0,326732.0,2.0,115461.0,16291.0,38647.0,43038.0,153144.0,33072.0,4391.0,,230172.0,4200.0,1790473.0,192532.0,801026.0,460481.0,,22833.0,67107.0,209362.0,22979.0,225445.0,4042.0,56203.0,0.0,245966.0,,109337.0,203.0,228778.0,2115785.0,69470.0,0.0,,2992.0,,44582.0,1120.0,197952.0,34.0,87715.0,86051.0,22227.0,10024.0,920435.0,0.0,69883.0,161483.0,,219369.0,5096.0,127194.0,695.0,63422.0,20808.0,44150.0,65530.0,2140.0,33815.0,11493.0,7757.0
2017-01-01,60544.0,916.0,1223459.0,3627763.0,20330.0,126583.0,60107.0,336097.0,1719328.0,165333.0,5541.0,36707.0,198302.0,1528925.0,190705.0,38910.0,410137.0,5661.0,73000.0,957625.0,118299.0,107113.0,13.0,51.0,130796.0,22824.0,23008.0,266995.0,8087.0,0.0,7.0,31675.0,67356.0,335093.0,10.0,79438.0,10070.0,108810.0,46467.0,1085537.0,4972.0,2663.0,859200.0,170977.0,748.0,27174.0,,50593.0,1021960.0,17809.0,,141393.0,25157.0,1610.0,1325644.0,1380978.0,72200.0,,34516.0,9286.0,79820.0,690.0,524063.0,1303522.0,166469.0,310089.0,,53.0,6876.0,26022.0,1068.0,76466.0,247652.0,58592.0,39709.0,0.0,1496.0,29637.0,8387.0,,618873.0,153200.0,84.0,5087.0,38229.0,7149.0,161745.0,23850.0,50809.0,11101.0,327784.0,1204416.0,3982.0,186258.0,12599.0,1149306.0,51323.0,153719.0,52445.0,453.0,392232.0,158213.0,600904.0,26175.0,0.0,33969.0,150659.0,415178.0,1043327.0,289965.0,147477.0,0.0,436214.0,4915.0,3032.0,705555.0,44962.0,167.0,174271.0,470966.0,994422.0,4.0,685082.0,3500.0,73757.0,19824.0,935216.0,30562.0,30.0,15325.0,996.0,3070.0,603345.0,2.0,117998.0,20605.0,76078.0,38839.0,178840.0,27496.0,4277.0,,303164.0,4200.0,1788702.0,305990.0,1031376.0,441797.0,,42585.0,72714.0,210387.0,28877.0,239872.0,4038.0,57908.0,0.0,278692.0,,129950.0,19924.0,280684.0,2624361.0,77944.0,3.0,,6212.0,,44186.0,5577.0,173076.0,37504.0,71023.0,98006.0,21725.0,10080.0,853524.0,1.0,79273.0,303773.0,,243872.0,3942.0,149939.0,19.0,67789.0,15146.0,77694.0,45682.0,2834.0,27583.0,22310.0,8326.0
2018-01-01,62858.0,876.0,18377.0,2570952.0,34902.0,542380.0,101796.0,400624.0,1822808.0,177346.0,9494.0,54757.0,192262.0,1638685.0,262535.0,22003.0,423523.0,7045.0,73000.0,1001534.0,112052.0,145949.0,,182.0,130713.0,3768.0,10411.0,332668.0,17229.0,0.0,22.0,37926.0,51854.0,395981.0,28.0,59668.0,6431.0,167971.0,32478.0,1169145.0,4750.0,44333.0,972148.0,157068.0,888.0,32664.0,,30374.0,1187862.0,19149.0,,158659.0,36375.0,3244.0,1198237.0,1115434.0,112996.0,,40908.0,11741.0,100733.0,96.0,538140.0,1682640.0,131842.0,302788.0,,,6549.0,65560.0,845.0,108068.0,141725.0,60112.0,60466.0,,1461.0,14698.0,7743.0,0.0,625942.0,158129.0,229.0,1300.0,75185.0,6456.0,141276.0,28814.0,60426.0,11110.0,400159.0,1340117.0,5187.0,179371.0,14170.0,1502383.0,67394.0,135195.0,9584.0,49113.0,359751.0,9222.0,709300.0,23202.0,,38253.0,157058.0,478749.0,1289386.0,341918.0,154099.0,,535367.0,6208.0,2806.0,799371.0,44435.0,299.0,274884.0,227320.0,1177589.0,0.0,432810.0,5922.0,44664.0,10585.0,907017.0,35685.0,21.0,14599.0,843.0,3436.0,553789.0,2.0,104552.0,20508.0,13075.0,47234.0,169283.0,28098.0,3838.0,,303990.0,4200.0,2071961.0,300896.0,780899.0,431657.0,127.0,47292.0,68834.0,184024.0,26524.0,205967.0,3498.0,89857.0,,320240.0,,133760.0,51691.0,300043.0,2636468.0,82379.0,5.0,,4861.0,2.0,45153.0,13842.0,107287.0,86773.0,46135.0,114904.0,27209.0,5661.0,860392.0,0.0,69632.0,178655.0,,251218.0,4137.0,145829.0,49.0,91588.0,14857.0,55496.0,80514.0,1892.0,32244.0,33640.0,10964.0
2019-01-01,50039.0,129920.0,589.0,2799261.0,34392.0,156665.0,62281.0,364477.0,1827408.0,183282.0,52047.0,54782.0,189134.0,1473352.0,203027.0,36978.0,501970.0,4925.0,73000.0,989818.0,164486.0,95951.0,0.0,75.0,177599.0,6640.0,8790.0,148815.0,33151.0,6.0,11659.0,38822.0,45360.0,384190.0,2.0,72414.0,5094.0,147826.0,45069.0,1128521.0,5771.0,2752.0,959995.0,198379.0,570.0,35370.0,,48164.0,1132612.0,23448.0,0.0,123766.0,32798.0,3890.0,1151759.0,1098284.0,102792.0,,42748.0,11004.0,69706.0,176.0,512581.0,1847093.0,113811.0,295199.0,,,5210.0,55755.0,1400.0,51617.0,175539.0,52627.0,48620.0,,7.0,13974.0,8053.0,,629427.0,184639.0,313.0,1300.0,45968.0,9908.0,88750.0,31601.0,57051.0,2786.0,390922.0,1077847.0,4300.0,229941.0,14405.0,1491220.0,68306.0,116225.0,70361.0,53859.0,367154.0,194933.0,681112.0,17902.0,0.0,30596.0,177088.0,459456.0,2302225.0,340073.0,98963.0,0.0,312207.0,5794.0,10706.0,432372.0,39835.0,419.0,364266.0,127642.0,720289.0,,546892.0,6394.0,54245.0,10663.0,846325.0,34144.0,67.0,14314.0,653.0,2216.0,495064.0,0.0,130413.0,30929.0,58264.0,51891.0,185914.0,42395.0,4433.0,0.0,247249.0,4700.0,1636589.0,288583.0,901034.0,465279.0,,56890.0,70542.0,201158.0,15793.0,340533.0,8157.0,58860.0,0.0,390634.0,0.0,150582.0,64437.0,315481.0,3024161.0,85237.0,1.0,,3327.0,,54657.0,4336.0,89906.0,109254.0,30823.0,108974.0,24229.0,,726863.0,1.0,69292.0,139701.0,0.0,235377.0,3102.0,164592.0,56.0,91568.0,2624.0,56038.0,68290.0,2004.0,21843.0,27909.0,9459.0
